"country_of_birth","Year","Count","State","share"
"China",2004,320,"ACT",27.59
"UK, CIs & IOM",2004,170,"ACT",14.66
"India",2004,170,"ACT",14.66
"USA",2004,140,"ACT",12.07
"Sudan",2004,70,"ACT",6.03
"New Zealand",2004,60,"ACT",5.17
"Philippines",2004,60,"ACT",5.17
"Korea, South",2004,60,"ACT",5.17
"Sri Lanka",2004,60,"ACT",5.17
"Afghanistan",2004,50,"ACT",4.31
"China",2005,340,"ACT",29.06
"UK, CIs & IOM",2005,200,"ACT",17.09
"India",2005,140,"ACT",11.97
"Philippines",2005,100,"ACT",8.55
"Malaysia",2005,90,"ACT",7.69
"USA",2005,80,"ACT",6.84
"New Zealand",2005,70,"ACT",5.98
"Germany",2005,50,"ACT",4.27
"Vietnam",2005,50,"ACT",4.27
"Pakistan",2005,50,"ACT",4.27
"China",2006,400,"ACT",24.24
"India",2006,330,"ACT",20
"UK, CIs & IOM",2006,210,"ACT",12.73
"USA",2006,190,"ACT",11.52
"New Zealand",2006,90,"ACT",5.45
"Indonesia",2006,90,"ACT",5.45
"Malaysia",2006,90,"ACT",5.45
"Sri Lanka",2006,90,"ACT",5.45
"Philippines",2006,80,"ACT",4.85
"Pakistan",2006,80,"ACT",4.85
"China",2007,570,"ACT",28.5
"India",2007,390,"ACT",19.5
"UK, CIs & IOM",2007,280,"ACT",14
"New Zealand",2007,140,"ACT",7
"Philippines",2007,140,"ACT",7
"USA",2007,130,"ACT",6.5
"Vietnam",2007,100,"ACT",5
"Sri Lanka",2007,90,"ACT",4.5
"Malaysia",2007,80,"ACT",4
"South Africa",2007,80,"ACT",4
"China",2008,730,"ACT",28.85
"India",2008,560,"ACT",22.13
"UK, CIs & IOM",2008,340,"ACT",13.44
"Philippines",2008,150,"ACT",5.93
"Vietnam",2008,140,"ACT",5.53
"New Zealand",2008,130,"ACT",5.14
"Korea, South",2008,130,"ACT",5.14
"Saudi Arabia",2008,120,"ACT",4.74
"Malaysia",2008,120,"ACT",4.74
"South Africa",2008,110,"ACT",4.35
"China",2009,740,"ACT",32.31
"India",2009,520,"ACT",22.71
"UK, CIs & IOM",2009,270,"ACT",11.79
"Philippines",2009,140,"ACT",6.11
"USA",2009,130,"ACT",5.68
"Vietnam",2009,120,"ACT",5.24
"Sri Lanka",2009,100,"ACT",4.37
"New Zealand",2009,90,"ACT",3.93
"Pakistan",2009,90,"ACT",3.93
"South Africa",2009,90,"ACT",3.93
"China",2010,330,"ACT",24.09
"New Zealand",2010,170,"ACT",12.41
"UK, CIs & IOM",2010,170,"ACT",12.41
"India",2010,150,"ACT",10.95
"USA",2010,120,"ACT",8.76
"South Africa",2010,110,"ACT",8.03
"Philippines",2010,90,"ACT",6.57
"Vietnam",2010,80,"ACT",5.84
"Sri Lanka",2010,80,"ACT",5.84
"Ireland",2010,70,"ACT",5.11
"UK, CIs & IOM",2011,620,"ACT",21.38
"India",2011,530,"ACT",18.28
"China",2011,390,"ACT",13.45
"New Zealand",2011,280,"ACT",9.66
"Korea, South",2011,220,"ACT",7.59
"Philippines",2011,210,"ACT",7.24
"USA",2011,210,"ACT",7.24
"South Africa",2011,170,"ACT",5.86
"Ireland",2011,150,"ACT",5.17
"Sri Lanka",2011,120,"ACT",4.14
"India",2012,420,"ACT",20.19
"China",2012,360,"ACT",17.31
"UK, CIs & IOM",2012,320,"ACT",15.38
"Philippines",2012,220,"ACT",10.58
"New Zealand",2012,210,"ACT",10.1
"Pakistan",2012,170,"ACT",8.17
"Bangladesh",2012,100,"ACT",4.81
"South Africa",2012,100,"ACT",4.81
"Vietnam",2012,90,"ACT",4.33
"Korea, South",2012,90,"ACT",4.33
"China",2013,710,"ACT",29.96
"India",2013,660,"ACT",27.85
"Philippines",2013,200,"ACT",8.44
"UK, CIs & IOM",2013,180,"ACT",7.59
"Pakistan",2013,170,"ACT",7.17
"Vietnam",2013,100,"ACT",4.22
"Sri Lanka",2013,100,"ACT",4.22
"USA",2013,90,"ACT",3.8
"Nepal",2013,80,"ACT",3.38
"South Africa",2013,80,"ACT",3.38
"China",2014,1160,"ACT",36.48
"India",2014,920,"ACT",28.93
"Philippines",2014,300,"ACT",9.43
"Pakistan",2014,210,"ACT",6.6
"UK, CIs & IOM",2014,120,"ACT",3.77
"USA",2014,110,"ACT",3.46
"Bhutan",2014,100,"ACT",3.14
"Sri Lanka",2014,90,"ACT",2.83
"South Africa",2014,90,"ACT",2.83
"Nepal",2014,80,"ACT",2.52
"China",2015,1340,"ACT",45.42
"India",2015,670,"ACT",22.71
"Philippines",2015,240,"ACT",8.14
"UK, CIs & IOM",2015,150,"ACT",5.08
"Pakistan",2015,120,"ACT",4.07
"Iraq",2015,100,"ACT",3.39
"Bhutan",2015,100,"ACT",3.39
"Vietnam",2015,80,"ACT",2.71
"Sri Lanka",2015,80,"ACT",2.71
"Nigeria",2015,70,"ACT",2.37
"China",2016,1510,"ACT",45.21
"India",2016,710,"ACT",21.26
"Philippines",2016,250,"ACT",7.49
"Iraq",2016,180,"ACT",5.39
"UK, CIs & IOM",2016,130,"ACT",3.89
"Vietnam",2016,130,"ACT",3.89
"Pakistan",2016,120,"ACT",3.59
"Malaysia",2016,110,"ACT",3.29
"Indonesia",2016,100,"ACT",2.99
"Bhutan",2016,100,"ACT",2.99
"China",2017,1510,"ACT",42.42
"India",2017,800,"ACT",22.47
"Bhutan",2017,310,"ACT",8.71
"Philippines",2017,260,"ACT",7.3
"Nepal",2017,160,"ACT",4.49
"Pakistan",2017,140,"ACT",3.93
"Vietnam",2017,110,"ACT",3.09
"New Zealand",2017,100,"ACT",2.81
"Sri Lanka",2017,90,"ACT",2.53
"Indonesia",2017,80,"ACT",2.25
"India",2018,950,"ACT",43.38
"Bhutan",2018,260,"ACT",11.87
"Philippines",2018,240,"ACT",10.96
"Nepal",2018,170,"ACT",7.76
"China",2018,120,"ACT",5.48
"Pakistan",2018,110,"ACT",5.02
"USA",2018,100,"ACT",4.57
"Syria",2018,90,"ACT",4.11
"Bangladesh",2018,80,"ACT",3.65
"UK, CIs & IOM",2018,70,"ACT",3.2
"India",2019,1030,"ACT",34.68
"Australia",2019,690,"ACT",23.23
"Bhutan",2019,340,"ACT",11.45
"Philippines",2019,240,"ACT",8.08
"Nepal",2019,160,"ACT",5.39
"USA",2019,120,"ACT",4.04
"UK, CIs & IOM",2019,110,"ACT",3.7
"Vietnam",2019,100,"ACT",3.37
"Bangladesh",2019,100,"ACT",3.37
"South Africa",2019,80,"ACT",2.69
"Afghanistan",2020,20,"ACT",22.22
"South Africa",2020,20,"ACT",22.22
"Iran",2020,10,"ACT",11.11
"Kuwait",2020,10,"ACT",11.11
"Unit Arab Emir",2020,10,"ACT",11.11
"USA",2020,10,"ACT",11.11
"Guatemala",2020,10,"ACT",11.11
"Norfolk Island(e)",2020,0,"ACT",0
"Aust E T, nec",2020,0,"ACT",0
"New Caledonia",2020,0,"ACT",0
"India",2021,710,"ACT",22.54
"China",2021,630,"ACT",20
"Bhutan",2021,630,"ACT",20
"Nepal",2021,390,"ACT",12.38
"Philippines",2021,180,"ACT",5.71
"Afghanistan",2021,160,"ACT",5.08
"Pakistan",2021,150,"ACT",4.76
"Sri Lanka",2021,110,"ACT",3.49
"Vietnam",2021,100,"ACT",3.17
"Hong Kong",2021,90,"ACT",2.86
"China",2022,1870,"ACT",26.01
"India",2022,1790,"ACT",24.9
"Bhutan",2022,1180,"ACT",16.41
"Nepal",2022,810,"ACT",11.27
"Philippines",2022,500,"ACT",6.95
"Pakistan",2022,350,"ACT",4.87
"Vietnam",2022,220,"ACT",3.06
"Sri Lanka",2022,200,"ACT",2.78
"Indonesia",2022,140,"ACT",1.95
"Bangladesh",2022,130,"ACT",1.81
"China",2023,1390,"ACT",26.99
"India",2023,1220,"ACT",23.69
"Bhutan",2023,670,"ACT",13.01
"Nepal",2023,470,"ACT",9.13
"Philippines",2023,360,"ACT",6.99
"Pakistan",2023,290,"ACT",5.63
"Vietnam",2023,220,"ACT",4.27
"New Zealand",2023,190,"ACT",3.69
"Sri Lanka",2023,190,"ACT",3.69
"Bangladesh",2023,150,"ACT",2.91
"UK, CIs & IOM",2004,22470,"AUS",21.48
"China",2004,19090,"AUS",18.25
"New Zealand",2004,16870,"AUS",16.13
"India",2004,16340,"AUS",15.62
"Sudan",2004,5690,"AUS",5.44
"South Africa",2004,5500,"AUS",5.26
"Korea, South",2004,5490,"AUS",5.25
"Philippines",2004,5320,"AUS",5.09
"Malaysia",2004,4510,"AUS",4.31
"USA",2004,3320,"AUS",3.17
"UK, CIs & IOM",2005,27690,"AUS",22.64
"India",2005,21820,"AUS",17.84
"China",2005,19970,"AUS",16.33
"New Zealand",2005,18090,"AUS",14.79
"Korea, South",2005,8110,"AUS",6.63
"South Africa",2005,7530,"AUS",6.16
"Philippines",2005,6650,"AUS",5.44
"Malaysia",2005,4850,"AUS",3.97
"Sri Lanka",2005,3800,"AUS",3.11
"Sudan",2005,3780,"AUS",3.09
"India",2006,37080,"AUS",22.79
"UK, CIs & IOM",2006,31720,"AUS",19.49
"China",2006,27880,"AUS",17.13
"New Zealand",2006,22100,"AUS",13.58
"Korea, South",2006,9440,"AUS",5.8
"Philippines",2006,9370,"AUS",5.76
"South Africa",2006,8450,"AUS",5.19
"Malaysia",2006,6080,"AUS",3.74
"Vietnam",2006,5360,"AUS",3.29
"Sri Lanka",2006,5250,"AUS",3.23
"India",2007,49780,"AUS",24.55
"China",2007,36340,"AUS",17.92
"UK, CIs & IOM",2007,33410,"AUS",16.48
"New Zealand",2007,27730,"AUS",13.68
"Philippines",2007,11900,"AUS",5.87
"South Africa",2007,11080,"AUS",5.46
"Korea, South",2007,9770,"AUS",4.82
"Nepal",2007,7960,"AUS",3.93
"Vietnam",2007,7490,"AUS",3.69
"Malaysia",2007,7310,"AUS",3.61
"India",2008,59960,"AUS",28.96
"China",2008,33590,"AUS",16.22
"UK, CIs & IOM",2008,30030,"AUS",14.5
"New Zealand",2008,23150,"AUS",11.18
"South Africa",2008,12870,"AUS",6.22
"Philippines",2008,12110,"AUS",5.85
"Nepal",2008,11250,"AUS",5.43
"Vietnam",2008,9150,"AUS",4.42
"Korea, South",2008,8240,"AUS",3.98
"Malaysia",2008,6710,"AUS",3.24
"China",2009,28340,"AUS",22.75
"India",2009,24060,"AUS",19.31
"UK, CIs & IOM",2009,20860,"AUS",16.74
"New Zealand",2009,15780,"AUS",12.67
"Philippines",2009,9030,"AUS",7.25
"Vietnam",2009,6800,"AUS",5.46
"South Africa",2009,5820,"AUS",4.67
"Malaysia",2009,5440,"AUS",4.37
"Sri Lanka",2009,4670,"AUS",3.75
"Ireland",2009,3780,"AUS",3.03
"New Zealand",2010,29040,"AUS",24.22
"UK, CIs & IOM",2010,24820,"AUS",20.7
"China",2010,17680,"AUS",14.74
"Philippines",2010,9620,"AUS",8.02
"India",2010,9230,"AUS",7.7
"Ireland",2010,8660,"AUS",7.22
"South Africa",2010,6280,"AUS",5.24
"USA",2010,5050,"AUS",4.21
"Vietnam",2010,4780,"AUS",3.99
"Malaysia",2010,4750,"AUS",3.96
"New Zealand",2011,34540,"AUS",22.77
"UK, CIs & IOM",2011,31430,"AUS",20.72
"India",2011,18760,"AUS",12.36
"China",2011,15510,"AUS",10.22
"Philippines",2011,14550,"AUS",9.59
"Ireland",2011,12710,"AUS",8.38
"USA",2011,7010,"AUS",4.62
"South Africa",2011,6950,"AUS",4.58
"Pakistan",2011,5220,"AUS",3.44
"Malaysia",2011,5040,"AUS",3.32
"UK, CIs & IOM",2012,25020,"AUS",17.44
"New Zealand",2012,24740,"AUS",17.24
"India",2012,23670,"AUS",16.5
"China",2012,22580,"AUS",15.74
"Philippines",2012,14210,"AUS",9.9
"Vietnam",2012,7990,"AUS",5.57
"Taiwan",2012,7830,"AUS",5.46
"Pakistan",2012,6250,"AUS",4.36
"Ireland",2012,5660,"AUS",3.95
"South Africa",2012,5520,"AUS",3.85
"India",2013,33340,"AUS",25.8
"China",2013,30800,"AUS",23.83
"Philippines",2013,12830,"AUS",9.93
"UK, CIs & IOM",2013,12260,"AUS",9.49
"Vietnam",2013,8750,"AUS",6.77
"Nepal",2013,7310,"AUS",5.66
"New Zealand",2013,7240,"AUS",5.6
"Pakistan",2013,6850,"AUS",5.3
"Thailand",2013,5130,"AUS",3.97
"Iraq",2013,4720,"AUS",3.65
"China",2014,39070,"AUS",28.63
"India",2014,38400,"AUS",28.14
"Philippines",2014,12430,"AUS",9.11
"UK, CIs & IOM",2014,9400,"AUS",6.89
"Vietnam",2014,7320,"AUS",5.36
"Pakistan",2014,7230,"AUS",5.3
"Malaysia",2014,6680,"AUS",4.89
"Nepal",2014,6410,"AUS",4.7
"Thailand",2014,5410,"AUS",3.96
"Sri Lanka",2014,4120,"AUS",3.02
"China",2015,45480,"AUS",29.43
"India",2015,40860,"AUS",26.44
"Philippines",2015,13000,"AUS",8.41
"Malaysia",2015,12100,"AUS",7.83
"UK, CIs & IOM",2015,9140,"AUS",5.92
"Nepal",2015,7970,"AUS",5.16
"Vietnam",2015,7830,"AUS",5.07
"Pakistan",2015,6730,"AUS",4.36
"Brazil",2015,5830,"AUS",3.77
"Thailand",2015,5580,"AUS",3.61
"China",2016,50020,"AUS",27.11
"India",2016,49730,"AUS",26.95
"Nepal",2016,14880,"AUS",8.06
"Philippines",2016,13590,"AUS",7.37
"Malaysia",2016,12180,"AUS",6.6
"UK, CIs & IOM",2016,10460,"AUS",5.67
"Iraq",2016,9840,"AUS",5.33
"Syria",2016,8180,"AUS",4.43
"Vietnam",2016,8120,"AUS",4.4
"Brazil",2016,7510,"AUS",4.07
"India",2017,55860,"AUS",31.32
"China",2017,44610,"AUS",25.01
"Nepal",2017,21000,"AUS",11.78
"Philippines",2017,12620,"AUS",7.08
"Malaysia",2017,9590,"AUS",5.38
"Pakistan",2017,7840,"AUS",4.4
"UK, CIs & IOM",2017,7830,"AUS",4.39
"Vietnam",2017,7250,"AUS",4.07
"Brazil",2017,6260,"AUS",3.51
"Sri Lanka",2017,5480,"AUS",3.07
"India",2018,73190,"AUS",41.18
"Nepal",2018,24060,"AUS",13.54
"China",2018,20170,"AUS",11.35
"Philippines",2018,18400,"AUS",10.35
"Vietnam",2018,7880,"AUS",4.43
"Pakistan",2018,7510,"AUS",4.23
"UK, CIs & IOM",2018,7440,"AUS",4.19
"Sri Lanka",2018,6980,"AUS",3.93
"Iraq",2018,6130,"AUS",3.45
"South Africa",2018,5990,"AUS",3.37
"India",2019,59810,"AUS",39.86
"Australia",2019,18060,"AUS",12.04
"Philippines",2019,15350,"AUS",10.23
"Nepal",2019,13340,"AUS",8.89
"UK, CIs & IOM",2019,10670,"AUS",7.11
"Vietnam",2019,7470,"AUS",4.98
"Sri Lanka",2019,6960,"AUS",4.64
"Iraq",2019,6420,"AUS",4.28
"South Africa",2019,6380,"AUS",4.25
"Pakistan",2019,5600,"AUS",3.73
"Australia",2020,7470,"AUS",36.91
"South Africa",2020,2560,"AUS",12.65
"Vanuatu",2020,2290,"AUS",11.31
"Tonga",2020,1770,"AUS",8.75
"Afghanistan",2020,1460,"AUS",7.21
"Philippines",2020,1080,"AUS",5.34
"Samoa",2020,1000,"AUS",4.94
"Solomon Islands",2020,990,"AUS",4.89
"Fiji",2020,810,"AUS",4
"Lebanon",2020,810,"AUS",4
"India",2021,43080,"AUS",31.47
"Nepal",2021,20890,"AUS",15.26
"China",2021,14720,"AUS",10.75
"Philippines",2021,12870,"AUS",9.4
"Hong Kong",2021,8440,"AUS",6.17
"Afghanistan",2021,8410,"AUS",6.14
"Vietnam",2021,8240,"AUS",6.02
"Thailand",2021,7190,"AUS",5.25
"Pakistan",2021,7110,"AUS",5.19
"Sri Lanka",2021,5940,"AUS",4.34
"India",2022,94840,"AUS",28.38
"China",2022,59530,"AUS",17.81
"Philippines",2022,43270,"AUS",12.95
"Nepal",2022,27970,"AUS",8.37
"Colombia",2022,22840,"AUS",6.83
"UK, CIs & IOM",2022,19300,"AUS",5.78
"Vietnam",2022,18760,"AUS",5.61
"Pakistan",2022,17620,"AUS",5.27
"New Zealand",2022,15940,"AUS",4.77
"Thailand",2022,14120,"AUS",4.23
"India",2023,72360,"AUS",25.91
"China",2023,49720,"AUS",17.8
"Philippines",2023,32570,"AUS",11.66
"New Zealand",2023,23620,"AUS",8.46
"UK, CIs & IOM",2023,21200,"AUS",7.59
"Vietnam",2023,20660,"AUS",7.4
"Nepal",2023,18870,"AUS",6.76
"Sri Lanka",2023,14560,"AUS",5.21
"Pakistan",2023,14350,"AUS",5.14
"Indonesia",2023,11380,"AUS",4.07
"China",2004,8030,"NSW",23.16
"India",2004,6340,"NSW",18.29
"UK, CIs & IOM",2004,5360,"NSW",15.46
"New Zealand",2004,4080,"NSW",11.77
"Korea, South",2004,2940,"NSW",8.48
"Philippines",2004,2370,"NSW",6.84
"Bangladesh",2004,1480,"NSW",4.27
"Sudan",2004,1440,"NSW",4.15
"USA",2004,1380,"NSW",3.98
"South Africa",2004,1250,"NSW",3.61
"India",2005,7770,"NSW",20.85
"China",2005,7690,"NSW",20.63
"UK, CIs & IOM",2005,6020,"NSW",16.15
"Korea, South",2005,4050,"NSW",10.87
"New Zealand",2005,3700,"NSW",9.93
"Philippines",2005,2300,"NSW",6.17
"Iraq",2005,1610,"NSW",4.32
"Thailand",2005,1590,"NSW",4.27
"South Africa",2005,1280,"NSW",3.43
"Vietnam",2005,1260,"NSW",3.38
"China",2006,11700,"NSW",23.18
"India",2006,11650,"NSW",23.08
"UK, CIs & IOM",2006,7090,"NSW",14.05
"Korea, South",2006,4580,"NSW",9.07
"New Zealand",2006,3910,"NSW",7.75
"Nepal",2006,3220,"NSW",6.38
"Philippines",2006,2560,"NSW",5.07
"Thailand",2006,2130,"NSW",4.22
"Bangladesh",2006,1890,"NSW",3.74
"Vietnam",2006,1750,"NSW",3.47
"China",2007,15350,"NSW",24.22
"India",2007,14640,"NSW",23.1
"UK, CIs & IOM",2007,8850,"NSW",13.96
"Nepal",2007,5520,"NSW",8.71
"Korea, South",2007,4480,"NSW",7.07
"New Zealand",2007,4280,"NSW",6.75
"Philippines",2007,3030,"NSW",4.78
"Thailand",2007,2580,"NSW",4.07
"Vietnam",2007,2430,"NSW",3.83
"South Africa",2007,2230,"NSW",3.52
"India",2008,13180,"NSW",22.69
"China",2008,12560,"NSW",21.62
"UK, CIs & IOM",2008,7250,"NSW",12.48
"Nepal",2008,6460,"NSW",11.12
"Korea, South",2008,3720,"NSW",6.4
"New Zealand",2008,3400,"NSW",5.85
"Philippines",2008,3160,"NSW",5.44
"Vietnam",2008,2920,"NSW",5.03
"Thailand",2008,2750,"NSW",4.73
"Ireland",2008,2700,"NSW",4.65
"China",2009,9550,"NSW",27.92
"UK, CIs & IOM",2009,5330,"NSW",15.58
"India",2009,4940,"NSW",14.44
"New Zealand",2009,3180,"NSW",9.3
"Philippines",2009,2510,"NSW",7.34
"Vietnam",2009,2280,"NSW",6.66
"Korea, South",2009,1950,"NSW",5.7
"Ireland",2009,1510,"NSW",4.41
"Iraq",2009,1500,"NSW",4.38
"Bangladesh",2009,1460,"NSW",4.27
"UK, CIs & IOM",2010,7170,"NSW",21.49
"China",2010,5950,"NSW",17.84
"New Zealand",2010,5390,"NSW",16.16
"India",2010,3150,"NSW",9.44
"Ireland",2010,2830,"NSW",8.48
"Philippines",2010,2460,"NSW",7.37
"USA",2010,1740,"NSW",5.22
"Iraq",2010,1600,"NSW",4.8
"Vietnam",2010,1570,"NSW",4.71
"Pakistan",2010,1500,"NSW",4.5
"UK, CIs & IOM",2011,6910,"NSW",19.48
"India",2011,5270,"NSW",14.86
"New Zealand",2011,4960,"NSW",13.98
"China",2011,4650,"NSW",13.11
"Philippines",2011,3740,"NSW",10.54
"Ireland",2011,2900,"NSW",8.18
"Pakistan",2011,1960,"NSW",5.53
"Vietnam",2011,1890,"NSW",5.33
"USA",2011,1620,"NSW",4.57
"Korea, South",2011,1570,"NSW",4.43
"China",2012,8510,"NSW",20.75
"India",2012,7330,"NSW",17.87
"UK, CIs & IOM",2012,6730,"NSW",16.41
"New Zealand",2012,4010,"NSW",9.78
"Philippines",2012,3560,"NSW",8.68
"Vietnam",2012,2750,"NSW",6.71
"Pakistan",2012,2300,"NSW",5.61
"Iraq",2012,2110,"NSW",5.15
"Korea, South",2012,2080,"NSW",5.07
"Thailand",2012,1630,"NSW",3.97
"China",2013,12160,"NSW",25.94
"India",2013,10300,"NSW",21.98
"UK, CIs & IOM",2013,4210,"NSW",8.98
"Philippines",2013,3890,"NSW",8.3
"Nepal",2013,3650,"NSW",7.79
"Vietnam",2013,2930,"NSW",6.25
"Iraq",2013,2800,"NSW",5.97
"Thailand",2013,2720,"NSW",5.8
"Pakistan",2013,2500,"NSW",5.33
"New Zealand",2013,1710,"NSW",3.65
"China",2014,14880,"NSW",29.26
"India",2014,12400,"NSW",24.38
"Nepal",2014,3740,"NSW",7.35
"Philippines",2014,3660,"NSW",7.2
"UK, CIs & IOM",2014,3340,"NSW",6.57
"Pakistan",2014,2960,"NSW",5.82
"Thailand",2014,2890,"NSW",5.68
"Vietnam",2014,2770,"NSW",5.45
"Iraq",2014,2350,"NSW",4.62
"Syria",2014,1870,"NSW",3.68
"China",2015,17420,"NSW",30.62
"India",2015,13750,"NSW",24.17
"Nepal",2015,4970,"NSW",8.73
"Philippines",2015,4160,"NSW",7.31
"UK, CIs & IOM",2015,3220,"NSW",5.66
"Brazil",2015,3150,"NSW",5.54
"Vietnam",2015,2980,"NSW",5.24
"Pakistan",2015,2710,"NSW",4.76
"Thailand",2015,2380,"NSW",4.18
"Malaysia",2015,2160,"NSW",3.8
"China",2016,19250,"NSW",25.79
"India",2016,17020,"NSW",22.8
"Nepal",2016,9600,"NSW",12.86
"Iraq",2016,5650,"NSW",7.57
"Philippines",2016,4780,"NSW",6.4
"Syria",2016,4200,"NSW",5.63
"Brazil",2016,4120,"NSW",5.52
"UK, CIs & IOM",2016,3980,"NSW",5.33
"Vietnam",2016,3180,"NSW",4.26
"Pakistan",2016,2860,"NSW",3.83
"India",2017,18530,"NSW",26.21
"China",2017,17090,"NSW",24.17
"Nepal",2017,14220,"NSW",20.11
"Philippines",2017,4380,"NSW",6.19
"Brazil",2017,3330,"NSW",4.71
"Pakistan",2017,3100,"NSW",4.38
"UK, CIs & IOM",2017,2940,"NSW",4.16
"Vietnam",2017,2710,"NSW",3.83
"Malaysia",2017,2320,"NSW",3.28
"Iraq",2017,2090,"NSW",2.96
"India",2018,21970,"NSW",33.53
"Nepal",2018,15260,"NSW",23.29
"China",2018,6520,"NSW",9.95
"Philippines",2018,6260,"NSW",9.55
"Iraq",2018,4070,"NSW",6.21
"Pakistan",2018,2740,"NSW",4.18
"Vietnam",2018,2710,"NSW",4.14
"UK, CIs & IOM",2018,2210,"NSW",3.37
"Brazil",2018,2150,"NSW",3.28
"Indonesia",2018,1640,"NSW",2.5
"India",2019,17610,"NSW",34.63
"Nepal",2019,7660,"NSW",15.06
"Australia",2019,5620,"NSW",11.05
"Philippines",2019,5150,"NSW",10.13
"Iraq",2019,3960,"NSW",7.79
"UK, CIs & IOM",2019,2820,"NSW",5.55
"Vietnam",2019,2240,"NSW",4.41
"Pakistan",2019,2090,"NSW",4.11
"South Africa",2019,1870,"NSW",3.68
"Argentina",2019,1830,"NSW",3.6
"Australia",2020,8270,"NSW",47.75
"New Zealand",2020,1930,"NSW",11.14
"South Africa",2020,1450,"NSW",8.37
"Hong Kong",2020,1110,"NSW",6.41
"Vanuatu",2020,1000,"NSW",5.77
"UK, CIs & IOM",2020,930,"NSW",5.37
"Philippines",2020,750,"NSW",4.33
"Fiji",2020,700,"NSW",4.04
"Lebanon",2020,610,"NSW",3.52
"Tonga",2020,570,"NSW",3.29
"Nepal",2021,14800,"NSW",27.93
"India",2021,13650,"NSW",25.76
"China",2021,5540,"NSW",10.45
"Philippines",2021,3980,"NSW",7.51
"Hong Kong",2021,2980,"NSW",5.62
"Pakistan",2021,2810,"NSW",5.3
"Thailand",2021,2620,"NSW",4.94
"Vietnam",2021,2580,"NSW",4.87
"Afghanistan",2021,2030,"NSW",3.83
"Iraq",2021,2000,"NSW",3.77
"India",2022,27570,"NSW",23.05
"China",2022,24590,"NSW",20.56
"Nepal",2022,16880,"NSW",14.11
"Philippines",2022,14110,"NSW",11.79
"Pakistan",2022,6780,"NSW",5.67
"Colombia",2022,6630,"NSW",5.54
"Vietnam",2022,6250,"NSW",5.22
"Indonesia",2022,5900,"NSW",4.93
"UK, CIs & IOM",2022,5850,"NSW",4.89
"Brazil",2022,5070,"NSW",4.24
"China",2023,21470,"NSW",22.92
"India",2023,19590,"NSW",20.91
"Philippines",2023,10350,"NSW",11.05
"Nepal",2023,10260,"NSW",10.95
"Vietnam",2023,7500,"NSW",8.01
"UK, CIs & IOM",2023,6530,"NSW",6.97
"Bangladesh",2023,4940,"NSW",5.27
"Indonesia",2023,4580,"NSW",4.89
"Pakistan",2023,4510,"NSW",4.81
"Ireland",2023,3940,"NSW",4.21
"Japan",2004,160,"NT",17.39
"UK, CIs & IOM",2004,150,"NT",16.3
"Germany",2004,150,"NT",16.3
"New Zealand",2004,120,"NT",13.04
"Philippines",2004,120,"NT",13.04
"Sudan",2004,60,"NT",6.52
"India",2004,50,"NT",5.43
"Singapore",2004,40,"NT",4.35
"South Africa",2004,40,"NT",4.35
"France",2004,30,"NT",3.26
"Japan",2005,130,"NT",15.48
"Germany",2005,110,"NT",13.1
"India",2005,100,"NT",11.9
"Philippines",2005,90,"NT",10.71
"UK, CIs & IOM",2005,80,"NT",9.52
"Zimbabwe",2005,80,"NT",9.52
"New Zealand",2005,70,"NT",8.33
"USA",2005,70,"NT",8.33
"Timor-Leste",2005,60,"NT",7.14
"South Africa",2005,50,"NT",5.95
"Philippines",2006,360,"NT",31.86
"UK, CIs & IOM",2006,140,"NT",12.39
"India",2006,130,"NT",11.5
"China",2006,100,"NT",8.85
"Japan",2006,100,"NT",8.85
"Zimbabwe",2006,90,"NT",7.96
"Singapore",2006,60,"NT",5.31
"South Africa",2006,60,"NT",5.31
"Germany",2006,50,"NT",4.42
"Thailand",2006,40,"NT",3.54
"Philippines",2007,400,"NT",29.63
"China",2007,160,"NT",11.85
"India",2007,160,"NT",11.85
"UK, CIs & IOM",2007,150,"NT",11.11
"Taiwan",2007,120,"NT",8.89
"Thailand",2007,100,"NT",7.41
"South Africa",2007,80,"NT",5.93
"Zimbabwe",2007,70,"NT",5.19
"New Zealand",2007,60,"NT",4.44
"Singapore",2007,50,"NT",3.7
"Philippines",2008,500,"NT",29.94
"UK, CIs & IOM",2008,270,"NT",16.17
"India",2008,200,"NT",11.98
"China",2008,170,"NT",10.18
"South Africa",2008,140,"NT",8.38
"New Zealand",2008,110,"NT",6.59
"Taiwan",2008,110,"NT",6.59
"Zimbabwe",2008,70,"NT",4.19
"Ireland",2008,50,"NT",2.99
"Thailand",2008,50,"NT",2.99
"Philippines",2009,400,"NT",37.04
"India",2009,170,"NT",15.74
"UK, CIs & IOM",2009,90,"NT",8.33
"Greece",2009,90,"NT",8.33
"China",2009,90,"NT",8.33
"South Africa",2009,70,"NT",6.48
"Vietnam",2009,50,"NT",4.63
"Thailand",2009,40,"NT",3.7
"Taiwan",2009,40,"NT",3.7
"Zimbabwe",2009,40,"NT",3.7
"Philippines",2010,350,"NT",30.43
"New Zealand",2010,180,"NT",15.65
"UK, CIs & IOM",2010,150,"NT",13.04
"India",2010,140,"NT",12.17
"Greece",2010,70,"NT",6.09
"South Africa",2010,70,"NT",6.09
"Vietnam",2010,60,"NT",5.22
"China",2010,50,"NT",4.35
"Thailand",2010,40,"NT",3.48
"Taiwan",2010,40,"NT",3.48
"Philippines",2011,610,"NT",24.3
"UK, CIs & IOM",2011,450,"NT",17.93
"India",2011,360,"NT",14.34
"New Zealand",2011,350,"NT",13.94
"Ireland",2011,260,"NT",10.36
"Greece",2011,150,"NT",5.98
"Taiwan",2011,90,"NT",3.59
"USA",2011,90,"NT",3.59
"China",2011,80,"NT",3.19
"South Africa",2011,70,"NT",2.79
"Philippines",2012,630,"NT",21.8
"UK, CIs & IOM",2012,480,"NT",16.61
"New Zealand",2012,320,"NT",11.07
"India",2012,320,"NT",11.07
"USA",2012,250,"NT",8.65
"Iran",2012,230,"NT",7.96
"Greece",2012,190,"NT",6.57
"Taiwan",2012,180,"NT",6.23
"Vietnam",2012,150,"NT",5.19
"Ireland",2012,140,"NT",4.84
"Philippines",2013,450,"NT",28.66
"India",2013,280,"NT",17.83
"UK, CIs & IOM",2013,230,"NT",14.65
"Greece",2013,120,"NT",7.64
"China",2013,110,"NT",7.01
"Japan",2013,90,"NT",5.73
"Thailand",2013,80,"NT",5.1
"Nepal",2013,80,"NT",5.1
"New Zealand",2013,70,"NT",4.46
"France",2013,60,"NT",3.82
"USA",2014,530,"NT",25
"Philippines",2014,490,"NT",23.11
"India",2014,370,"NT",17.45
"Nepal",2014,170,"NT",8.02
"UK, CIs & IOM",2014,130,"NT",6.13
"Canada",2014,120,"NT",5.66
"France",2014,80,"NT",3.77
"Japan",2014,80,"NT",3.77
"Sri Lanka",2014,80,"NT",3.77
"Thailand",2014,70,"NT",3.3
"Philippines",2015,440,"NT",28.03
"India",2015,360,"NT",22.93
"Nepal",2015,220,"NT",14.01
"China",2015,120,"NT",7.64
"Indonesia",2015,110,"NT",7.01
"UK, CIs & IOM",2015,90,"NT",5.73
"Thailand",2015,60,"NT",3.82
"Bangladesh",2015,60,"NT",3.82
"Sri Lanka",2015,60,"NT",3.82
"Japan",2015,50,"NT",3.18
"Philippines",2016,430,"NT",24.86
"India",2016,410,"NT",23.7
"Nepal",2016,200,"NT",11.56
"China",2016,190,"NT",10.98
"Indonesia",2016,170,"NT",9.83
"Thailand",2016,90,"NT",5.2
"South Africa",2016,70,"NT",4.05
"Bangladesh",2016,60,"NT",3.47
"Sri Lanka",2016,60,"NT",3.47
"Syria",2016,50,"NT",2.89
"India",2017,310,"NT",21.99
"Philippines",2017,300,"NT",21.28
"Nepal",2017,170,"NT",12.06
"China",2017,160,"NT",11.35
"Indonesia",2017,120,"NT",8.51
"Sri Lanka",2017,90,"NT",6.38
"Vietnam",2017,80,"NT",5.67
"USA",2017,70,"NT",4.96
"Pakistan",2017,60,"NT",4.26
"Bangladesh",2017,50,"NT",3.55
"Philippines",2018,340,"NT",22.22
"India",2018,290,"NT",18.95
"Nepal",2018,210,"NT",13.73
"Indonesia",2018,170,"NT",11.11
"Sri Lanka",2018,130,"NT",8.5
"Vietnam",2018,90,"NT",5.88
"China",2018,90,"NT",5.88
"South Africa",2018,80,"NT",5.23
"France",2018,70,"NT",4.58
"Pakistan",2018,60,"NT",3.92
"India",2019,380,"NT",31.93
"Philippines",2019,200,"NT",16.81
"Nepal",2019,170,"NT",14.29
"Vietnam",2019,80,"NT",6.72
"Timor-Leste",2019,70,"NT",5.88
"South Africa",2019,70,"NT",5.88
"Vanuatu",2019,60,"NT",5.04
"Indonesia",2019,60,"NT",5.04
"Sri Lanka",2019,60,"NT",5.04
"Thailand",2019,40,"NT",3.36
"Vanuatu",2020,180,"NT",72
"Myanmar",2020,10,"NT",4
"Vietnam",2020,10,"NT",4
"Philippines",2020,10,"NT",4
"USA",2020,10,"NT",4
"Mexico",2020,10,"NT",4
"South Africa",2020,10,"NT",4
"Zimbabwe",2020,10,"NT",4
"Norfolk Island(e)",2020,0,"NT",0
"Aust E T, nec",2020,0,"NT",0
"Afghanistan",2021,740,"NT",33.04
"India",2021,260,"NT",11.61
"Vanuatu",2021,200,"NT",8.93
"Philippines",2021,190,"NT",8.48
"Vietnam",2021,180,"NT",8.04
"Nepal",2021,180,"NT",8.04
"Samoa",2021,170,"NT",7.59
"Fiji",2021,110,"NT",4.91
"UK, CIs & IOM",2021,110,"NT",4.91
"Pakistan",2021,100,"NT",4.46
"Philippines",2022,640,"NT",20.45
"India",2022,560,"NT",17.89
"Nepal",2022,450,"NT",14.38
"Pakistan",2022,290,"NT",9.27
"Indonesia",2022,260,"NT",8.31
"Vietnam",2022,230,"NT",7.35
"China",2022,190,"NT",6.07
"Sri Lanka",2022,190,"NT",6.07
"UK, CIs & IOM",2022,170,"NT",5.43
"Bangladesh",2022,150,"NT",4.79
"India",2023,470,"NT",18.22
"Philippines",2023,460,"NT",17.83
"Nepal",2023,420,"NT",16.28
"Bangladesh",2023,260,"NT",10.08
"New Zealand",2023,210,"NT",8.14
"Indonesia",2023,210,"NT",8.14
"Vietnam",2023,170,"NT",6.59
"Sri Lanka",2023,140,"NT",5.43
"Pakistan",2023,130,"NT",5.04
"China",2023,110,"NT",4.26
"New Zealand",2004,7470,"QLD",34.74
"UK, CIs & IOM",2004,4880,"QLD",22.7
"China",2004,2140,"QLD",9.95
"South Africa",2004,1400,"QLD",6.51
"India",2004,1310,"QLD",6.09
"Korea, South",2004,1170,"QLD",5.44
"Japan",2004,1140,"QLD",5.3
"Sudan",2004,730,"QLD",3.4
"Philippines",2004,720,"QLD",3.35
"USA",2004,540,"QLD",2.51
"New Zealand",2005,8350,"QLD",32.78
"UK, CIs & IOM",2005,5880,"QLD",23.09
"China",2005,2190,"QLD",8.6
"South Africa",2005,1990,"QLD",7.81
"Korea, South",2005,1790,"QLD",7.03
"India",2005,1580,"QLD",6.2
"Japan",2005,1500,"QLD",5.89
"Philippines",2005,1010,"QLD",3.97
"Sudan",2005,590,"QLD",2.32
"Vietnam",2005,590,"QLD",2.32
"New Zealand",2006,11170,"QLD",32.27
"UK, CIs & IOM",2006,7580,"QLD",21.9
"China",2006,2930,"QLD",8.47
"India",2006,2760,"QLD",7.97
"South Africa",2006,2480,"QLD",7.17
"Korea, South",2006,2410,"QLD",6.96
"Philippines",2006,1760,"QLD",5.09
"Japan",2006,1510,"QLD",4.36
"USA",2006,1290,"QLD",3.73
"Brazil",2006,720,"QLD",2.08
"New Zealand",2007,13480,"QLD",31.75
"UK, CIs & IOM",2007,7680,"QLD",18.09
"India",2007,6940,"QLD",16.34
"China",2007,3440,"QLD",8.1
"South Africa",2007,3160,"QLD",7.44
"Korea, South",2007,2710,"QLD",6.38
"Philippines",2007,2430,"QLD",5.72
"Malaysia",2007,950,"QLD",2.24
"Ireland",2007,840,"QLD",1.98
"Saudi Arabia",2007,830,"QLD",1.95
"New Zealand",2008,10700,"QLD",24.52
"India",2008,10090,"QLD",23.12
"UK, CIs & IOM",2008,6790,"QLD",15.56
"China",2008,3870,"QLD",8.87
"South Africa",2008,3630,"QLD",8.32
"Philippines",2008,2710,"QLD",6.21
"Korea, South",2008,2400,"QLD",5.5
"Ireland",2008,1320,"QLD",3.02
"Nepal",2008,1100,"QLD",2.52
"Vietnam",2008,1030,"QLD",2.36
"New Zealand",2009,6090,"QLD",25.95
"UK, CIs & IOM",2009,3860,"QLD",16.45
"India",2009,3690,"QLD",15.72
"China",2009,3630,"QLD",15.47
"Philippines",2009,1720,"QLD",7.33
"South Africa",2009,1470,"QLD",6.26
"Malaysia",2009,930,"QLD",3.96
"Vietnam",2009,750,"QLD",3.2
"USA",2009,730,"QLD",3.11
"Ireland",2009,600,"QLD",2.56
"New Zealand",2010,10910,"QLD",43.64
"UK, CIs & IOM",2010,4020,"QLD",16.08
"China",2010,2410,"QLD",9.64
"Philippines",2010,1750,"QLD",7
"South Africa",2010,1440,"QLD",5.76
"Ireland",2010,1270,"QLD",5.08
"USA",2010,1060,"QLD",4.24
"Taiwan",2010,840,"QLD",3.36
"Malaysia",2010,710,"QLD",2.84
"Singapore",2010,590,"QLD",2.36
"New Zealand",2011,12140,"QLD",37.69
"UK, CIs & IOM",2011,5730,"QLD",17.79
"Philippines",2011,2830,"QLD",8.79
"India",2011,2010,"QLD",6.24
"USA",2011,1850,"QLD",5.74
"Ireland",2011,1780,"QLD",5.53
"China",2011,1780,"QLD",5.53
"South Africa",2011,1660,"QLD",5.15
"Taiwan",2011,1530,"QLD",4.75
"Korea, South",2011,900,"QLD",2.79
"New Zealand",2012,8360,"QLD",30.09
"UK, CIs & IOM",2012,4590,"QLD",16.52
"India",2012,2940,"QLD",10.58
"Philippines",2012,2640,"QLD",9.5
"China",2012,2530,"QLD",9.11
"Taiwan",2012,2460,"QLD",8.86
"South Africa",2012,1350,"QLD",4.86
"Korea, South",2012,1100,"QLD",3.96
"USA",2012,970,"QLD",3.49
"Samoa",2012,840,"QLD",3.02
"India",2013,5680,"QLD",28.41
"China",2013,3160,"QLD",15.81
"Philippines",2013,2190,"QLD",10.96
"New Zealand",2013,2050,"QLD",10.26
"UK, CIs & IOM",2013,1490,"QLD",7.45
"Nepal",2013,1450,"QLD",7.25
"Taiwan",2013,1380,"QLD",6.9
"Vietnam",2013,940,"QLD",4.7
"Brazil",2013,830,"QLD",4.15
"South Africa",2013,820,"QLD",4.1
"India",2014,4780,"QLD",28.49
"China",2014,4190,"QLD",24.97
"Philippines",2014,2150,"QLD",12.81
"UK, CIs & IOM",2014,1470,"QLD",8.76
"South Africa",2014,800,"QLD",4.77
"Korea, South",2014,760,"QLD",4.53
"Vietnam",2014,740,"QLD",4.41
"Thailand",2014,680,"QLD",4.05
"Taiwan",2014,620,"QLD",3.69
"Malaysia",2014,590,"QLD",3.52
"China",2015,5160,"QLD",27.07
"India",2015,4170,"QLD",21.88
"Philippines",2015,2030,"QLD",10.65
"UK, CIs & IOM",2015,1960,"QLD",10.28
"Brazil",2015,1260,"QLD",6.61
"South Africa",2015,1040,"QLD",5.46
"Taiwan",2015,890,"QLD",4.67
"Malaysia",2015,880,"QLD",4.62
"Thailand",2015,870,"QLD",4.56
"Korea, South",2015,800,"QLD",4.2
"China",2016,6160,"QLD",27.48
"India",2016,4470,"QLD",19.94
"UK, CIs & IOM",2016,2380,"QLD",10.62
"Philippines",2016,2160,"QLD",9.63
"Brazil",2016,2090,"QLD",9.32
"South Africa",2016,1500,"QLD",6.69
"Nepal",2016,1160,"QLD",5.17
"Syria",2016,850,"QLD",3.79
"Korea, South",2016,850,"QLD",3.79
"Malaysia",2016,800,"QLD",3.57
"China",2017,5520,"QLD",25.89
"India",2017,5260,"QLD",24.67
"Philippines",2017,2220,"QLD",10.41
"Brazil",2017,1620,"QLD",7.6
"Nepal",2017,1550,"QLD",7.27
"UK, CIs & IOM",2017,1320,"QLD",6.19
"South Africa",2017,1120,"QLD",5.25
"New Zealand",2017,1050,"QLD",4.92
"Taiwan",2017,830,"QLD",3.89
"Colombia",2017,830,"QLD",3.89
"India",2018,7680,"QLD",32.79
"Philippines",2018,3690,"QLD",15.76
"China",2018,2360,"QLD",10.08
"Nepal",2018,2260,"QLD",9.65
"South Africa",2018,1670,"QLD",7.13
"UK, CIs & IOM",2018,1470,"QLD",6.28
"Brazil",2018,1220,"QLD",5.21
"New Zealand",2018,1190,"QLD",5.08
"Colombia",2018,1080,"QLD",4.61
"Vietnam",2018,800,"QLD",3.42
"India",2019,6380,"QLD",29.41
"Australia",2019,4340,"QLD",20.01
"Philippines",2019,2580,"QLD",11.89
"UK, CIs & IOM",2019,2270,"QLD",10.47
"South Africa",2019,1680,"QLD",7.75
"Nepal",2019,1160,"QLD",5.35
"Colombia",2019,1120,"QLD",5.16
"Vietnam",2019,940,"QLD",4.33
"Brazil",2019,620,"QLD",2.86
"Vanuatu",2019,600,"QLD",2.77
"Tonga",2020,650,"QLD",18.57
"Solomon Islands",2020,540,"QLD",15.43
"Australia",2020,520,"QLD",14.86
"South Africa",2020,490,"QLD",14
"Vanuatu",2020,410,"QLD",11.71
"Philippines",2020,290,"QLD",8.29
"Samoa",2020,280,"QLD",8
"Afghanistan",2020,190,"QLD",5.43
"Iran",2020,70,"QLD",2
"Fiji",2020,60,"QLD",1.71
"India",2021,3580,"QLD",21.63
"Philippines",2021,2330,"QLD",14.08
"New Zealand",2021,2190,"QLD",13.23
"Hong Kong",2021,1440,"QLD",8.7
"South Africa",2021,1330,"QLD",8.04
"China",2021,1290,"QLD",7.79
"Afghanistan",2021,1260,"QLD",7.61
"Solomon Islands",2021,1130,"QLD",6.83
"Thailand",2021,1030,"QLD",6.22
"Samoa",2021,970,"QLD",5.86
"India",2022,11290,"QLD",21.47
"Philippines",2022,8170,"QLD",15.54
"China",2022,7500,"QLD",14.26
"Colombia",2022,5550,"QLD",10.56
"New Zealand",2022,5240,"QLD",9.97
"Brazil",2022,3960,"QLD",7.53
"UK, CIs & IOM",2022,3710,"QLD",7.06
"Taiwan",2022,2590,"QLD",4.93
"South Africa",2022,2420,"QLD",4.6
"Thailand",2022,2150,"QLD",4.09
"India",2023,10020,"QLD",21.65
"New Zealand",2023,8930,"QLD",19.3
"China",2023,6300,"QLD",13.61
"Philippines",2023,6050,"QLD",13.07
"UK, CIs & IOM",2023,4220,"QLD",9.12
"South Africa",2023,2710,"QLD",5.86
"Taiwan",2023,2340,"QLD",5.06
"Brazil",2023,2100,"QLD",4.54
"Vietnam",2023,1860,"QLD",4.02
"Japan",2023,1750,"QLD",3.78
"UK, CIs & IOM",2004,1940,"SA",29.44
"China",2004,1490,"SA",22.61
"India",2004,1020,"SA",15.48
"Malaysia",2004,410,"SA",6.22
"Sudan",2004,400,"SA",6.07
"South Africa",2004,340,"SA",5.16
"New Zealand",2004,320,"SA",4.86
"Korea, South",2004,280,"SA",4.25
"Philippines",2004,210,"SA",3.19
"Hong Kong",2004,180,"SA",2.73
"UK, CIs & IOM",2005,2890,"SA",31.58
"China",2005,2090,"SA",22.84
"India",2005,1560,"SA",17.05
"Philippines",2005,440,"SA",4.81
"Korea, South",2005,430,"SA",4.7
"South Africa",2005,430,"SA",4.7
"Afghanistan",2005,380,"SA",4.15
"New Zealand",2005,350,"SA",3.83
"Malaysia",2005,330,"SA",3.61
"Sudan",2005,250,"SA",2.73
"UK, CIs & IOM",2006,2750,"SA",25.23
"India",2006,2460,"SA",22.57
"China",2006,2420,"SA",22.2
"Philippines",2006,680,"SA",6.24
"Korea, South",2006,520,"SA",4.77
"South Africa",2006,500,"SA",4.59
"Malaysia",2006,440,"SA",4.04
"Afghanistan",2006,440,"SA",4.04
"Vietnam",2006,370,"SA",3.39
"New Zealand",2006,320,"SA",2.94
"India",2007,3260,"SA",27.05
"UK, CIs & IOM",2007,2730,"SA",22.66
"China",2007,2620,"SA",21.74
"Philippines",2007,740,"SA",6.14
"Malaysia",2007,520,"SA",4.32
"South Africa",2007,520,"SA",4.32
"New Zealand",2007,480,"SA",3.98
"Korea, South",2007,450,"SA",3.73
"Vietnam",2007,400,"SA",3.32
"Afghanistan",2007,330,"SA",2.74
"India",2008,4750,"SA",35.71
"China",2008,2540,"SA",19.1
"UK, CIs & IOM",2008,2390,"SA",17.97
"Philippines",2008,690,"SA",5.19
"South Africa",2008,630,"SA",4.74
"Malaysia",2008,570,"SA",4.29
"Vietnam",2008,500,"SA",3.76
"New Zealand",2008,450,"SA",3.38
"Nepal",2008,410,"SA",3.08
"Korea, South",2008,370,"SA",2.78
"China",2009,2650,"SA",26.03
"India",2009,2570,"SA",25.25
"UK, CIs & IOM",2009,1960,"SA",19.25
"Philippines",2009,690,"SA",6.78
"Malaysia",2009,510,"SA",5.01
"Sri Lanka",2009,420,"SA",4.13
"Vietnam",2009,370,"SA",3.63
"South Africa",2009,370,"SA",3.63
"Bangladesh",2009,330,"SA",3.24
"New Zealand",2009,310,"SA",3.05
"UK, CIs & IOM",2010,1270,"SA",21.31
"China",2010,1230,"SA",20.64
"India",2010,890,"SA",14.93
"Philippines",2010,620,"SA",10.4
"New Zealand",2010,510,"SA",8.56
"Afghanistan",2010,360,"SA",6.04
"South Africa",2010,310,"SA",5.2
"Malaysia",2010,260,"SA",4.36
"Sri Lanka",2010,260,"SA",4.36
"Bhutan",2010,250,"SA",4.19
"UK, CIs & IOM",2011,2200,"SA",28.31
"India",2011,1300,"SA",16.73
"China",2011,1080,"SA",13.9
"Philippines",2011,730,"SA",9.4
"New Zealand",2011,600,"SA",7.72
"Sri Lanka",2011,450,"SA",5.79
"South Africa",2011,410,"SA",5.28
"Ireland",2011,350,"SA",4.5
"Bangladesh",2011,340,"SA",4.38
"Iran",2011,310,"SA",3.99
"India",2012,1710,"SA",22.86
"UK, CIs & IOM",2012,1410,"SA",18.85
"China",2012,1240,"SA",16.58
"Philippines",2012,920,"SA",12.3
"Taiwan",2012,440,"SA",5.88
"Iran",2012,370,"SA",4.95
"Vietnam",2012,360,"SA",4.81
"Pakistan",2012,360,"SA",4.81
"New Zealand",2012,340,"SA",4.55
"Sri Lanka",2012,330,"SA",4.41
"India",2013,1970,"SA",23.91
"China",2013,1960,"SA",23.79
"Philippines",2013,920,"SA",11.17
"UK, CIs & IOM",2013,780,"SA",9.47
"Afghanistan",2013,780,"SA",9.47
"Vietnam",2013,510,"SA",6.19
"Pakistan",2013,480,"SA",5.83
"Brazil",2013,310,"SA",3.76
"Iran",2013,270,"SA",3.28
"Hong Kong",2013,260,"SA",3.16
"China",2014,2760,"SA",31.33
"India",2014,2490,"SA",28.26
"Philippines",2014,800,"SA",9.08
"UK, CIs & IOM",2014,580,"SA",6.58
"Pakistan",2014,480,"SA",5.45
"Afghanistan",2014,480,"SA",5.45
"Vietnam",2014,420,"SA",4.77
"Iran",2014,300,"SA",3.41
"Malaysia",2014,250,"SA",2.84
"Bangladesh",2014,250,"SA",2.84
"China",2015,2920,"SA",32.19
"India",2015,2560,"SA",28.22
"Philippines",2015,710,"SA",7.83
"Vietnam",2015,540,"SA",5.95
"UK, CIs & IOM",2015,500,"SA",5.51
"Afghanistan",2015,430,"SA",4.74
"Malaysia",2015,360,"SA",3.97
"Syria",2015,350,"SA",3.86
"Nepal",2015,350,"SA",3.86
"Pakistan",2015,350,"SA",3.86
"China",2016,2880,"SA",30.35
"India",2016,2630,"SA",27.71
"Nepal",2016,700,"SA",7.38
"Philippines",2016,620,"SA",6.53
"Vietnam",2016,520,"SA",5.48
"Syria",2016,480,"SA",5.06
"UK, CIs & IOM",2016,470,"SA",4.95
"Pakistan",2016,470,"SA",4.95
"Afghanistan",2016,400,"SA",4.21
"Malaysia",2016,320,"SA",3.37
"India",2017,3570,"SA",37.15
"China",2017,1920,"SA",19.98
"Nepal",2017,740,"SA",7.7
"Philippines",2017,700,"SA",7.28
"Vietnam",2017,540,"SA",5.62
"Afghanistan",2017,530,"SA",5.52
"Pakistan",2017,520,"SA",5.41
"UK, CIs & IOM",2017,410,"SA",4.27
"Sri Lanka",2017,340,"SA",3.54
"South Africa",2017,340,"SA",3.54
"India",2018,4860,"SA",43.32
"China",2018,1400,"SA",12.48
"Philippines",2018,930,"SA",8.29
"Nepal",2018,890,"SA",7.93
"Vietnam",2018,640,"SA",5.7
"Pakistan",2018,530,"SA",4.72
"UK, CIs & IOM",2018,520,"SA",4.63
"South Africa",2018,510,"SA",4.55
"Afghanistan",2018,500,"SA",4.46
"Sri Lanka",2018,440,"SA",3.92
"India",2019,5240,"SA",44.82
"Australia",2019,1410,"SA",12.06
"Philippines",2019,890,"SA",7.61
"Nepal",2019,860,"SA",7.36
"Vietnam",2019,720,"SA",6.16
"UK, CIs & IOM",2019,670,"SA",5.73
"Sri Lanka",2019,520,"SA",4.45
"South Africa",2019,520,"SA",4.45
"Pakistan",2019,450,"SA",3.85
"Afghanistan",2019,410,"SA",3.51
"Australia",2020,450,"SA",31.25
"Tonga",2020,220,"SA",15.28
"Vanuatu",2020,190,"SA",13.19
"Afghanistan",2020,190,"SA",13.19
"Kiribati",2020,130,"SA",9.03
"South Africa",2020,90,"SA",6.25
"Philippines",2020,60,"SA",4.17
"Samoa",2020,40,"SA",2.78
"UK, CIs & IOM",2020,40,"SA",2.78
"Iran",2020,30,"SA",2.08
"India",2021,3790,"SA",38.09
"China",2021,1210,"SA",12.16
"Nepal",2021,840,"SA",8.44
"Hong Kong",2021,830,"SA",8.34
"Philippines",2021,750,"SA",7.54
"Vietnam",2021,730,"SA",7.34
"Afghanistan",2021,580,"SA",5.83
"Sri Lanka",2021,470,"SA",4.72
"Pakistan",2021,380,"SA",3.82
"South Africa",2021,370,"SA",3.72
"India",2022,8090,"SA",39.08
"China",2022,3060,"SA",14.78
"Philippines",2022,2100,"SA",10.14
"Nepal",2022,1400,"SA",6.76
"Vietnam",2022,1350,"SA",6.52
"Colombia",2022,1350,"SA",6.52
"Sri Lanka",2022,1060,"SA",5.12
"UK, CIs & IOM",2022,780,"SA",3.77
"Pakistan",2022,760,"SA",3.67
"Afghanistan",2022,750,"SA",3.62
"India",2023,5570,"SA",34.64
"China",2023,2210,"SA",13.74
"Philippines",2023,1530,"SA",9.51
"Vietnam",2023,1360,"SA",8.46
"Afghanistan",2023,1180,"SA",7.34
"Nepal",2023,1000,"SA",6.22
"Sri Lanka",2023,950,"SA",5.91
"Pakistan",2023,800,"SA",4.98
"Indonesia",2023,750,"SA",4.66
"South Africa",2023,730,"SA",4.54
"China",2004,250,"TAS",25.77
"UK, CIs & IOM",2004,170,"TAS",17.53
"Sudan",2004,170,"TAS",17.53
"India",2004,80,"TAS",8.25
"Malaysia",2004,70,"TAS",7.22
"Philippines",2004,60,"TAS",6.19
"Korea, South",2004,50,"TAS",5.15
"USA",2004,40,"TAS",4.12
"Sierra Leone",2004,40,"TAS",4.12
"South Africa",2004,40,"TAS",4.12
"China",2005,270,"TAS",27.27
"UK, CIs & IOM",2005,220,"TAS",22.22
"India",2005,100,"TAS",10.1
"Sudan",2005,80,"TAS",8.08
"New Zealand",2005,70,"TAS",7.07
"South Africa",2005,70,"TAS",7.07
"Philippines",2005,60,"TAS",6.06
"Thailand",2005,40,"TAS",4.04
"Japan",2005,40,"TAS",4.04
"Sierra Leone",2005,40,"TAS",4.04
"China",2006,280,"TAS",27.72
"UK, CIs & IOM",2006,170,"TAS",16.83
"India",2006,170,"TAS",16.83
"New Zealand",2006,80,"TAS",7.92
"Malaysia",2006,80,"TAS",7.92
"Myanmar",2006,50,"TAS",4.95
"Philippines",2006,50,"TAS",4.95
"South Africa",2006,50,"TAS",4.95
"Germany",2006,40,"TAS",3.96
"Sudan",2006,40,"TAS",3.96
"China",2007,310,"TAS",24.8
"UK, CIs & IOM",2007,210,"TAS",16.8
"India",2007,190,"TAS",15.2
"New Zealand",2007,110,"TAS",8.8
"Malaysia",2007,90,"TAS",7.2
"Saudi Arabia",2007,80,"TAS",6.4
"Korea, South",2007,80,"TAS",6.4
"South Africa",2007,80,"TAS",6.4
"Philippines",2007,60,"TAS",4.8
"Vietnam",2007,40,"TAS",3.2
"China",2008,330,"TAS",22.6
"UK, CIs & IOM",2008,210,"TAS",14.38
"India",2008,190,"TAS",13.01
"South Africa",2008,180,"TAS",12.33
"New Zealand",2008,130,"TAS",8.9
"Saudi Arabia",2008,100,"TAS",6.85
"Malaysia",2008,100,"TAS",6.85
"Bhutan",2008,80,"TAS",5.48
"Australia",2008,70,"TAS",4.79
"Thailand",2008,70,"TAS",4.79
"China",2009,350,"TAS",32.41
"UK, CIs & IOM",2009,120,"TAS",11.11
"India",2009,110,"TAS",10.19
"New Zealand",2009,80,"TAS",7.41
"Bhutan",2009,80,"TAS",7.41
"Myanmar",2009,70,"TAS",6.48
"Thailand",2009,70,"TAS",6.48
"Philippines",2009,70,"TAS",6.48
"South Africa",2009,70,"TAS",6.48
"Malaysia",2009,60,"TAS",5.56
"Bhutan",2010,140,"TAS",19.44
"China",2010,110,"TAS",15.28
"UK, CIs & IOM",2010,90,"TAS",12.5
"Nepal",2010,90,"TAS",12.5
"India",2010,70,"TAS",9.72
"Philippines",2010,50,"TAS",6.94
"South Africa",2010,50,"TAS",6.94
"New Zealand",2010,40,"TAS",5.56
"Myanmar",2010,40,"TAS",5.56
"Malaysia",2010,40,"TAS",5.56
"China",2011,150,"TAS",14.42
"UK, CIs & IOM",2011,130,"TAS",12.5
"Malaysia",2011,120,"TAS",11.54
"Bhutan",2011,110,"TAS",10.58
"New Zealand",2011,100,"TAS",9.62
"India",2011,100,"TAS",9.62
"Philippines",2011,90,"TAS",8.65
"Nepal",2011,90,"TAS",8.65
"Taiwan",2011,80,"TAS",7.69
"Ethiopia",2011,70,"TAS",6.73
"China",2012,150,"TAS",15.46
"Nepal",2012,130,"TAS",13.4
"Bhutan",2012,120,"TAS",12.37
"India",2012,120,"TAS",12.37
"UK, CIs & IOM",2012,100,"TAS",10.31
"New Zealand",2012,90,"TAS",9.28
"Philippines",2012,90,"TAS",9.28
"Taiwan",2012,70,"TAS",7.22
"Myanmar",2012,50,"TAS",5.15
"Sri Lanka",2012,50,"TAS",5.15
"Afghanistan",2013,270,"TAS",18.88
"Iran",2013,200,"TAS",13.99
"Nepal",2013,190,"TAS",13.29
"China",2013,180,"TAS",12.59
"India",2013,160,"TAS",11.19
"Bhutan",2013,140,"TAS",9.79
"Pakistan",2013,130,"TAS",9.09
"UK, CIs & IOM",2013,70,"TAS",4.9
"Philippines",2013,50,"TAS",3.5
"Malaysia",2013,40,"TAS",2.8
"India",2014,340,"TAS",25.19
"China",2014,280,"TAS",20.74
"Nepal",2014,240,"TAS",17.78
"Iran",2014,120,"TAS",8.89
"Afghanistan",2014,90,"TAS",6.67
"Philippines",2014,70,"TAS",5.19
"UK, CIs & IOM",2014,60,"TAS",4.44
"Malaysia",2014,60,"TAS",4.44
"Vietnam",2014,50,"TAS",3.7
"Pakistan",2014,40,"TAS",2.96
"China",2015,410,"TAS",31.54
"Malaysia",2015,180,"TAS",13.85
"India",2015,170,"TAS",13.08
"Iran",2015,100,"TAS",7.69
"Philippines",2015,90,"TAS",6.92
"Pakistan",2015,90,"TAS",6.92
"Afghanistan",2015,80,"TAS",6.15
"Nepal",2015,70,"TAS",5.38
"UK, CIs & IOM",2015,60,"TAS",4.62
"Myanmar",2015,50,"TAS",3.85
"China",2016,650,"TAS",38.92
"India",2016,230,"TAS",13.77
"Nepal",2016,140,"TAS",8.38
"Iran",2016,110,"TAS",6.59
"UK, CIs & IOM",2016,100,"TAS",5.99
"Malaysia",2016,100,"TAS",5.99
"Bhutan",2016,100,"TAS",5.99
"Afghanistan",2016,90,"TAS",5.39
"Syria",2016,80,"TAS",4.79
"Iraq",2016,70,"TAS",4.19
"China",2017,700,"TAS",39.33
"India",2017,330,"TAS",18.54
"Nepal",2017,130,"TAS",7.3
"Philippines",2017,110,"TAS",6.18
"Vietnam",2017,100,"TAS",5.62
"Iran",2017,90,"TAS",5.06
"Pakistan",2017,90,"TAS",5.06
"Korea, South",2017,80,"TAS",4.49
"Afghanistan",2017,80,"TAS",4.49
"Syria",2017,70,"TAS",3.93
"India",2018,670,"TAS",29.52
"China",2018,600,"TAS",26.43
"Nepal",2018,220,"TAS",9.69
"Philippines",2018,150,"TAS",6.61
"Pakistan",2018,150,"TAS",6.61
"Vietnam",2018,130,"TAS",5.73
"Syria",2018,110,"TAS",4.85
"Ethiopia",2018,90,"TAS",3.96
"UK, CIs & IOM",2018,80,"TAS",3.52
"Hong Kong",2018,70,"TAS",3.08
"Tonga",2019,580,"TAS",20.71
"Australia",2019,490,"TAS",17.5
"India",2019,490,"TAS",17.5
"Timor-Leste",2019,370,"TAS",13.21
"Nepal",2019,220,"TAS",7.86
"Vanuatu",2019,190,"TAS",6.79
"UK, CIs & IOM",2019,170,"TAS",6.07
"Philippines",2019,100,"TAS",3.57
"Pakistan",2019,100,"TAS",3.57
"Vietnam",2019,90,"TAS",3.21
"Tonga",2020,150,"TAS",25.42
"Vanuatu",2020,140,"TAS",23.73
"Timor-Leste",2020,110,"TAS",18.64
"Samoa",2020,80,"TAS",13.56
"Australia",2020,40,"TAS",6.78
"Solomon Islands",2020,20,"TAS",3.39
"South Africa",2020,20,"TAS",3.39
"Kiribati",2020,10,"TAS",1.69
"Philippines",2020,10,"TAS",1.69
"Sri Lanka",2020,10,"TAS",1.69
"India",2021,550,"TAS",23.31
"Samoa",2021,440,"TAS",18.64
"Vanuatu",2021,340,"TAS",14.41
"Nepal",2021,250,"TAS",10.59
"China",2021,240,"TAS",10.17
"Pakistan",2021,140,"TAS",5.93
"Tonga",2021,110,"TAS",4.66
"Hong Kong",2021,110,"TAS",4.66
"Vietnam",2021,90,"TAS",3.81
"Nigeria",2021,90,"TAS",3.81
"India",2022,930,"TAS",30.1
"Nepal",2022,530,"TAS",17.15
"Philippines",2022,310,"TAS",10.03
"China",2022,260,"TAS",8.41
"Sri Lanka",2022,240,"TAS",7.77
"Pakistan",2022,230,"TAS",7.44
"Bangladesh",2022,190,"TAS",6.15
"Vietnam",2022,160,"TAS",5.18
"Taiwan",2022,120,"TAS",3.88
"South Africa",2022,120,"TAS",3.88
"India",2023,680,"TAS",25.56
"Nepal",2023,400,"TAS",15.04
"Bangladesh",2023,350,"TAS",13.16
"Philippines",2023,270,"TAS",10.15
"Sri Lanka",2023,220,"TAS",8.27
"Pakistan",2023,210,"TAS",7.89
"New Zealand",2023,150,"TAS",5.64
"Vietnam",2023,130,"TAS",4.89
"South Africa",2023,130,"TAS",4.89
"China",2023,120,"TAS",4.51
"India",2004,6540,"VIC",23.53
"China",2004,5890,"VIC",21.19
"UK, CIs & IOM",2004,3850,"VIC",13.85
"New Zealand",2004,3040,"VIC",10.94
"Sudan",2004,2010,"VIC",7.23
"Malaysia",2004,1650,"VIC",5.94
"Sri Lanka",2004,1500,"VIC",5.4
"Philippines",2004,1290,"VIC",4.64
"Vietnam",2004,1110,"VIC",3.99
"Singapore",2004,910,"VIC",3.27
"India",2005,9500,"VIC",28.95
"China",2005,6090,"VIC",18.56
"UK, CIs & IOM",2005,4660,"VIC",14.2
"New Zealand",2005,3240,"VIC",9.87
"Sri Lanka",2005,2190,"VIC",6.67
"Philippines",2005,1650,"VIC",5.03
"Malaysia",2005,1610,"VIC",4.91
"Sudan",2005,1330,"VIC",4.05
"Vietnam",2005,1330,"VIC",4.05
"Korea, South",2005,1220,"VIC",3.72
"India",2006,17880,"VIC",38.36
"China",2006,8450,"VIC",18.13
"UK, CIs & IOM",2006,4880,"VIC",10.47
"New Zealand",2006,3570,"VIC",7.66
"Sri Lanka",2006,3080,"VIC",6.61
"Philippines",2006,2210,"VIC",4.74
"Vietnam",2006,2080,"VIC",4.46
"Malaysia",2006,1920,"VIC",4.12
"Korea, South",2006,1330,"VIC",2.85
"Pakistan",2006,1210,"VIC",2.6
"India",2007,20860,"VIC",37.1
"China",2007,11550,"VIC",20.54
"UK, CIs & IOM",2007,4960,"VIC",8.82
"New Zealand",2007,4090,"VIC",7.27
"Sri Lanka",2007,3850,"VIC",6.85
"Vietnam",2007,3170,"VIC",5.64
"Philippines",2007,2510,"VIC",4.46
"Malaysia",2007,2340,"VIC",4.16
"Korea, South",2007,1450,"VIC",2.58
"South Africa",2007,1450,"VIC",2.58
"India",2008,25780,"VIC",41.7
"China",2008,11140,"VIC",18.02
"UK, CIs & IOM",2008,4870,"VIC",7.88
"Vietnam",2008,3830,"VIC",6.2
"New Zealand",2008,3810,"VIC",6.16
"Sri Lanka",2008,3640,"VIC",5.89
"Nepal",2008,2710,"VIC",4.38
"Philippines",2008,2430,"VIC",3.93
"Malaysia",2008,2110,"VIC",3.41
"South Africa",2008,1500,"VIC",2.43
"China",2009,9290,"VIC",25.27
"India",2009,9280,"VIC",25.24
"UK, CIs & IOM",2009,4120,"VIC",11.21
"New Zealand",2009,3290,"VIC",8.95
"Vietnam",2009,2750,"VIC",7.48
"Sri Lanka",2009,2200,"VIC",5.98
"Philippines",2009,1920,"VIC",5.22
"Malaysia",2009,1770,"VIC",4.82
"Pakistan",2009,1280,"VIC",3.48
"South Africa",2009,860,"VIC",2.34
"New Zealand",2010,6060,"VIC",20.36
"China",2010,5900,"VIC",19.82
"UK, CIs & IOM",2010,4950,"VIC",16.63
"India",2010,2850,"VIC",9.57
"Vietnam",2010,1960,"VIC",6.58
"Philippines",2010,1880,"VIC",6.32
"Sri Lanka",2010,1760,"VIC",5.91
"Ireland",2010,1530,"VIC",5.14
"Malaysia",2010,1530,"VIC",5.14
"Pakistan",2010,1350,"VIC",4.53
"New Zealand",2011,7090,"VIC",19.47
"India",2011,6190,"VIC",17
"UK, CIs & IOM",2011,5590,"VIC",15.35
"China",2011,5590,"VIC",15.35
"Philippines",2011,2660,"VIC",7.3
"Sri Lanka",2011,2030,"VIC",5.57
"Ireland",2011,1990,"VIC",5.46
"Pakistan",2011,1890,"VIC",5.19
"USA",2011,1700,"VIC",4.67
"Malaysia",2011,1690,"VIC",4.64
"China",2012,7560,"VIC",19.81
"India",2012,7400,"VIC",19.39
"New Zealand",2012,5640,"VIC",14.78
"UK, CIs & IOM",2012,4390,"VIC",11.5
"Vietnam",2012,3150,"VIC",8.25
"Philippines",2012,2820,"VIC",7.39
"Pakistan",2012,2110,"VIC",5.53
"Sri Lanka",2012,2110,"VIC",5.53
"Taiwan",2012,1570,"VIC",4.11
"Malaysia",2012,1410,"VIC",3.69
"India",2013,10980,"VIC",27.1
"China",2013,10790,"VIC",26.64
"Vietnam",2013,3600,"VIC",8.89
"Philippines",2013,2780,"VIC",6.86
"New Zealand",2013,2740,"VIC",6.76
"UK, CIs & IOM",2013,2420,"VIC",5.97
"Pakistan",2013,2300,"VIC",5.68
"Sri Lanka",2013,1860,"VIC",4.59
"Malaysia",2013,1700,"VIC",4.2
"Iraq",2013,1340,"VIC",3.31
"China",2014,13990,"VIC",30.18
"India",2014,13490,"VIC",29.1
"Malaysia",2014,3640,"VIC",7.85
"Philippines",2014,2710,"VIC",5.85
"Vietnam",2014,2700,"VIC",5.82
"Pakistan",2014,2390,"VIC",5.16
"UK, CIs & IOM",2014,2360,"VIC",5.09
"Sri Lanka",2014,2300,"VIC",4.96
"New Zealand",2014,1630,"VIC",3.52
"Thailand",2014,1150,"VIC",2.48
"China",2015,16460,"VIC",29.76
"India",2015,15140,"VIC",27.37
"Malaysia",2015,6830,"VIC",12.35
"Philippines",2015,3170,"VIC",5.73
"Vietnam",2015,2910,"VIC",5.26
"UK, CIs & IOM",2015,2460,"VIC",4.45
"Sri Lanka",2015,2460,"VIC",4.45
"Pakistan",2015,2300,"VIC",4.16
"New Zealand",2015,2050,"VIC",3.71
"Thailand",2015,1530,"VIC",2.77
"India",2016,20520,"VIC",31.24
"China",2016,17850,"VIC",27.17
"Malaysia",2016,6520,"VIC",9.93
"Sri Lanka",2016,3530,"VIC",5.37
"Philippines",2016,3410,"VIC",5.19
"Iraq",2016,3030,"VIC",4.61
"UK, CIs & IOM",2016,3000,"VIC",4.57
"Vietnam",2016,2920,"VIC",4.45
"Pakistan",2016,2470,"VIC",3.76
"Nepal",2016,2440,"VIC",3.71
"India",2017,23570,"VIC",35.73
"China",2017,16540,"VIC",25.07
"Malaysia",2017,5430,"VIC",8.23
"Sri Lanka",2017,3590,"VIC",5.44
"Nepal",2017,3510,"VIC",5.32
"Philippines",2017,3300,"VIC",5
"Pakistan",2017,2920,"VIC",4.43
"UK, CIs & IOM",2017,2630,"VIC",3.99
"Vietnam",2017,2570,"VIC",3.9
"New Zealand",2017,1910,"VIC",2.9
"India",2018,31670,"VIC",48.7
"China",2018,8260,"VIC",12.7
"Philippines",2018,4990,"VIC",7.67
"Nepal",2018,4280,"VIC",6.58
"Sri Lanka",2018,4230,"VIC",6.5
"Vietnam",2018,3030,"VIC",4.66
"Pakistan",2018,2820,"VIC",4.34
"UK, CIs & IOM",2018,2190,"VIC",3.37
"New Zealand",2018,1780,"VIC",2.74
"Colombia",2018,1780,"VIC",2.74
"India",2019,24270,"VIC",49.76
"Philippines",2019,4390,"VIC",9
"Sri Lanka",2019,3970,"VIC",8.14
"Australia",2019,3620,"VIC",7.42
"Vietnam",2019,2640,"VIC",5.41
"Nepal",2019,2490,"VIC",5.11
"UK, CIs & IOM",2019,2300,"VIC",4.72
"Pakistan",2019,1880,"VIC",3.85
"Iraq",2019,1720,"VIC",3.53
"Colombia",2019,1490,"VIC",3.06
"Afghanistan",2020,470,"VIC",36.72
"Iran",2020,170,"VIC",13.28
"Samoa",2020,130,"VIC",10.16
"Lebanon",2020,120,"VIC",9.38
"Vanuatu",2020,100,"VIC",7.81
"South Africa",2020,100,"VIC",7.81
"Ethiopia",2020,60,"VIC",4.69
"Unit Arab Emir",2020,50,"VIC",3.91
"Solomon Islands",2020,40,"VIC",3.12
"Syria",2020,40,"VIC",3.12
"India",2021,18320,"VIC",38.19
"China",2021,5490,"VIC",11.44
"Vietnam",2021,3410,"VIC",7.11
"Sri Lanka",2021,3370,"VIC",7.03
"Philippines",2021,3290,"VIC",6.86
"Afghanistan",2021,3260,"VIC",6.8
"Nepal",2021,2900,"VIC",6.05
"Thailand",2021,2740,"VIC",5.71
"Pakistan",2021,2720,"VIC",5.67
"Hong Kong",2021,2470,"VIC",5.15
"India",2022,36470,"VIC",33.13
"China",2022,19530,"VIC",17.74
"Philippines",2022,10830,"VIC",9.84
"Colombia",2022,7590,"VIC",6.9
"Vietnam",2022,7560,"VIC",6.87
"Sri Lanka",2022,7280,"VIC",6.61
"Thailand",2022,6070,"VIC",5.51
"Pakistan",2022,5340,"VIC",4.85
"New Zealand",2022,4870,"VIC",4.42
"UK, CIs & IOM",2022,4530,"VIC",4.12
"India",2023,27750,"VIC",30.52
"China",2023,15530,"VIC",17.08
"Philippines",2023,8750,"VIC",9.62
"Vietnam",2023,7910,"VIC",8.7
"Sri Lanka",2023,7490,"VIC",8.24
"New Zealand",2023,5960,"VIC",6.56
"UK, CIs & IOM",2023,4870,"VIC",5.36
"Pakistan",2023,4840,"VIC",5.32
"Afghanistan",2023,4490,"VIC",4.94
"Indonesia",2023,3330,"VIC",3.66
"UK, CIs & IOM",2004,5960,"WA",40.49
"New Zealand",2004,1750,"WA",11.89
"South Africa",2004,1630,"WA",11.07
"Malaysia",2004,980,"WA",6.66
"China",2004,960,"WA",6.52
"India",2004,830,"WA",5.64
"Sudan",2004,810,"WA",5.5
"Singapore",2004,720,"WA",4.89
"Zimbabwe",2004,580,"WA",3.94
"Philippines",2004,500,"WA",3.4
"UK, CIs & IOM",2005,7750,"WA",40.55
"South Africa",2005,2680,"WA",14.02
"New Zealand",2005,2250,"WA",11.77
"China",2005,1260,"WA",6.59
"Malaysia",2005,1150,"WA",6.02
"India",2005,1080,"WA",5.65
"Philippines",2005,1000,"WA",5.23
"Singapore",2005,700,"WA",3.66
"Zimbabwe",2005,670,"WA",3.51
"Korea, South",2005,570,"WA",2.98
"UK, CIs & IOM",2006,8890,"WA",38.85
"New Zealand",2006,2950,"WA",12.89
"South Africa",2006,2670,"WA",11.67
"Philippines",2006,1680,"WA",7.34
"India",2006,1680,"WA",7.34
"China",2006,1600,"WA",6.99
"Malaysia",2006,1400,"WA",6.12
"Zimbabwe",2006,830,"WA",3.63
"Singapore",2006,680,"WA",2.97
"Korea, South",2006,500,"WA",2.19
"UK, CIs & IOM",2007,8550,"WA",28.26
"New Zealand",2007,5100,"WA",16.86
"South Africa",2007,3490,"WA",11.54
"India",2007,3340,"WA",11.04
"Philippines",2007,2600,"WA",8.6
"China",2007,2350,"WA",7.77
"Malaysia",2007,2000,"WA",6.61
"Zimbabwe",2007,1270,"WA",4.2
"Ireland",2007,900,"WA",2.98
"Vietnam",2007,650,"WA",2.15
"UK, CIs & IOM",2008,7900,"WA",25.05
"India",2008,5220,"WA",16.55
"New Zealand",2008,4430,"WA",14.05
"South Africa",2008,4160,"WA",13.19
"Philippines",2008,2400,"WA",7.61
"China",2008,2260,"WA",7.17
"Malaysia",2008,1750,"WA",5.55
"Ireland",2008,1480,"WA",4.69
"Zimbabwe",2008,1040,"WA",3.3
"Mauritius",2008,900,"WA",2.85
"UK, CIs & IOM",2009,5120,"WA",25.88
"India",2009,2800,"WA",14.16
"New Zealand",2009,2740,"WA",13.85
"China",2009,2020,"WA",10.21
"South Africa",2009,1680,"WA",8.49
"Philippines",2009,1590,"WA",8.04
"Malaysia",2009,1450,"WA",7.33
"Ireland",2009,860,"WA",4.35
"Afghanistan",2009,770,"WA",3.89
"Singapore",2009,750,"WA",3.79
"UK, CIs & IOM",2010,7010,"WA",26.24
"New Zealand",2010,5780,"WA",21.64
"Ireland",2010,2790,"WA",10.45
"Philippines",2010,2430,"WA",9.1
"South Africa",2010,2100,"WA",7.86
"China",2010,1700,"WA",6.36
"India",2010,1570,"WA",5.88
"Malaysia",2010,1390,"WA",5.2
"Singapore",2010,990,"WA",3.71
"Taiwan",2010,950,"WA",3.56
"UK, CIs & IOM",2011,9800,"WA",24.98
"New Zealand",2011,9020,"WA",22.99
"Ireland",2011,5250,"WA",13.38
"Philippines",2011,3690,"WA",9.41
"India",2011,3000,"WA",7.65
"South Africa",2011,2530,"WA",6.45
"China",2011,1800,"WA",4.59
"Malaysia",2011,1660,"WA",4.23
"USA",2011,1260,"WA",3.21
"Taiwan",2011,1220,"WA",3.11
"UK, CIs & IOM",2012,7010,"WA",23.3
"New Zealand",2012,5770,"WA",19.18
"India",2012,3430,"WA",11.4
"Philippines",2012,3330,"WA",11.07
"Ireland",2012,2390,"WA",7.94
"China",2012,2110,"WA",7.01
"South Africa",2012,1960,"WA",6.51
"Taiwan",2012,1720,"WA",5.72
"Malaysia",2012,1580,"WA",5.25
"Italy",2012,790,"WA",2.63
"India",2013,3310,"WA",22.87
"UK, CIs & IOM",2013,2890,"WA",19.97
"Philippines",2013,2360,"WA",16.31
"China",2013,1740,"WA",12.02
"South Africa",2013,1120,"WA",7.74
"Vietnam",2013,650,"WA",4.49
"Pakistan",2013,650,"WA",4.49
"Italy",2013,630,"WA",4.35
"New Zealand",2013,570,"WA",3.94
"Sri Lanka",2013,550,"WA",3.8
"India",2014,3610,"WA",28.16
"Philippines",2014,2250,"WA",17.55
"China",2014,1780,"WA",13.88
"UK, CIs & IOM",2014,1350,"WA",10.53
"Malaysia",2014,950,"WA",7.41
"South Africa",2014,850,"WA",6.63
"Pakistan",2014,610,"WA",4.76
"Vietnam",2014,530,"WA",4.13
"Italy",2014,460,"WA",3.59
"Thailand",2014,430,"WA",3.35
"India",2015,4040,"WA",30.63
"Philippines",2015,2160,"WA",16.38
"China",2015,1650,"WA",12.51
"Malaysia",2015,1640,"WA",12.43
"South Africa",2015,760,"WA",5.76
"UK, CIs & IOM",2015,710,"WA",5.38
"Vietnam",2015,630,"WA",4.78
"Pakistan",2015,590,"WA",4.47
"Brazil",2015,530,"WA",4.02
"Thailand",2015,480,"WA",3.64
"India",2016,3740,"WA",30.66
"Philippines",2016,1870,"WA",15.33
"Malaysia",2016,1530,"WA",12.54
"China",2016,1520,"WA",12.46
"South Africa",2016,850,"WA",6.97
"Nepal",2016,590,"WA",4.84
"Vietnam",2016,550,"WA",4.51
"Thailand",2016,540,"WA",4.43
"Pakistan",2016,520,"WA",4.26
"Kenya",2016,490,"WA",4.02
"India",2017,3480,"WA",32.49
"Philippines",2017,1360,"WA",12.7
"China",2017,1170,"WA",10.92
"Malaysia",2017,1100,"WA",10.27
"South Africa",2017,780,"WA",7.28
"Bhutan",2017,760,"WA",7.1
"Pakistan",2017,620,"WA",5.79
"UK, CIs & IOM",2017,510,"WA",4.76
"Nepal",2017,510,"WA",4.76
"Vietnam",2017,420,"WA",3.92
"India",2018,5110,"WA",38.25
"Philippines",2018,1810,"WA",13.55
"South Africa",2018,1060,"WA",7.93
"Bhutan",2018,1030,"WA",7.71
"UK, CIs & IOM",2018,960,"WA",7.19
"China",2018,820,"WA",6.14
"Nepal",2018,780,"WA",5.84
"Pakistan",2018,670,"WA",5.01
"Indonesia",2018,580,"WA",4.34
"Sri Lanka",2018,540,"WA",4.04
"India",2019,4420,"WA",27.39
"UK, CIs & IOM",2019,2360,"WA",14.62
"Australia",2019,2050,"WA",12.7
"Philippines",2019,1800,"WA",11.15
"South Africa",2019,1180,"WA",7.31
"Indonesia",2019,1050,"WA",6.51
"Bhutan",2019,960,"WA",5.95
"China",2019,830,"WA",5.14
"Sri Lanka",2019,780,"WA",4.83
"Pakistan",2019,710,"WA",4.4
"South Africa",2020,360,"WA",22.78
"Australia",2020,350,"WA",22.15
"Vanuatu",2020,280,"WA",17.72
"Tonga",2020,200,"WA",12.66
"Afghanistan",2020,140,"WA",8.86
"Fiji",2020,80,"WA",5.06
"Zimbabwe",2020,50,"WA",3.16
"Lebanon",2020,40,"WA",2.53
"Unit Arab Emir",2020,40,"WA",2.53
"Myanmar",2020,40,"WA",2.53
"India",2021,2210,"WA",23.07
"Philippines",2021,2070,"WA",21.61
"South Africa",2021,1060,"WA",11.06
"New Zealand",2021,920,"WA",9.6
"UK, CIs & IOM",2021,630,"WA",6.58
"Bhutan",2021,600,"WA",6.26
"Nepal",2021,580,"WA",6.05
"Pakistan",2021,540,"WA",5.64
"Hong Kong",2021,500,"WA",5.22
"Vanuatu",2021,470,"WA",4.91
"Bhutan",2022,10100,"WA",23.28
"India",2022,8140,"WA",18.76
"Philippines",2022,6620,"WA",15.26
"UK, CIs & IOM",2022,4090,"WA",9.43
"New Zealand",2022,3270,"WA",7.54
"Pakistan",2022,2730,"WA",6.29
"China",2022,2530,"WA",5.83
"South Africa",2022,2210,"WA",5.09
"Ireland",2022,1990,"WA",4.59
"Nepal",2022,1710,"WA",3.94
"Bhutan",2023,7190,"WA",18.55
"India",2023,7050,"WA",18.19
"Philippines",2023,4800,"WA",12.38
"UK, CIs & IOM",2023,4750,"WA",12.25
"New Zealand",2023,3940,"WA",10.17
"China",2023,2580,"WA",6.66
"Pakistan",2023,2440,"WA",6.3
"South Africa",2023,2350,"WA",6.06
"Ireland",2023,2120,"WA",5.47
"Nepal",2023,1540,"WA",3.97
