"Year","State","Visa_Type","Visa_Stream","Arrival","Departure","Net"
2014,"AUS","PR","Family",32050,6150,25900
2014,"AUS","PR","Skilled",42240,8640,33600
2014,"AUS","PR","Humanitarian",11690,140,11550
2014,"AUS","PR","Other",5510,6350,-840
2014,"AUS","PR","Total",91490,21280,70210
2015,"AUS","PR","Family",31590,5790,25800
2015,"AUS","PR","Skilled",41850,8570,33280
2015,"AUS","PR","Humanitarian",11080,150,10930
2015,"AUS","PR","Other",6070,6470,-400
2015,"AUS","PR","Total",90590,20980,69610
2016,"AUS","PR","Family",29680,5610,24070
2016,"AUS","PR","Skilled",46140,8060,38080
2016,"AUS","PR","Humanitarian",24120,130,23990
2016,"AUS","PR","Other",6270,6690,-420
2016,"AUS","PR","Total",106210,20490,85720
2017,"AUS","PR","Family",26280,5560,20720
2017,"AUS","PR","Skilled",43320,7770,35550
2017,"AUS","PR","Humanitarian",12190,150,12040
2017,"AUS","PR","Other",6130,7110,-980
2017,"AUS","PR","Total",87920,20590,67330
2018,"AUS","PR","Family",24290,5780,18510
2018,"AUS","PR","Skilled",38230,7490,30740
2018,"AUS","PR","Humanitarian",15340,170,15170
2018,"AUS","PR","Other",7530,8110,-580
2018,"AUS","PR","Total",85390,21550,63840
2019,"AUS","PR","Family",20300,6380,13920
2019,"AUS","PR","Skilled",27280,8500,18780
2019,"AUS","PR","Humanitarian",13000,120,12880
2019,"AUS","PR","Other",10320,9410,910
2019,"AUS","PR","Total",70900,24410,46490
2020,"AUS","PR","Family",15650,4180,11470
2020,"AUS","PR","Skilled",14620,6560,8060
2020,"AUS","PR","Humanitarian",590,80,510
2020,"AUS","PR","Other",6090,7110,-1020
2020,"AUS","PR","Total",36950,17930,19020
2021,"AUS","PR","Family",25910,6370,19540
2021,"AUS","PR","Skilled",28100,6930,21170
2021,"AUS","PR","Humanitarian",7780,110,7670
2021,"AUS","PR","Other",9320,10250,-930
2021,"AUS","PR","Total",71110,23660,47450
2022,"AUS","PR","Family",21100,5610,15490
2022,"AUS","PR","Skilled",35390,4850,30540
2022,"AUS","PR","Humanitarian",12970,120,12850
2022,"AUS","PR","Other",10930,9560,1370
2022,"AUS","PR","Total",80390,20140,60250
2023,"AUS","PR","Family",23130,5110,18020
2023,"AUS","PR","Skilled",40720,5050,35670
2023,"AUS","PR","Humanitarian",17460,170,17290
2023,"AUS","PR","Other",9580,8530,1050
2023,"AUS","PR","Total",90890,18860,72030
2014,"NSW","PR","Family",11770,2240,9530
2014,"NSW","PR","Skilled",12290,2700,9590
2014,"NSW","PR","Humanitarian",4770,60,4710
2014,"NSW","PR","Other",2020,2400,-380
2014,"NSW","PR","Total",30850,7400,23450
2015,"NSW","PR","Family",11580,2150,9430
2015,"NSW","PR","Skilled",13230,2590,10640
2015,"NSW","PR","Humanitarian",3340,60,3280
2015,"NSW","PR","Other",2190,2310,-120
2015,"NSW","PR","Total",30340,7110,23230
2016,"NSW","PR","Family",11070,2100,8970
2016,"NSW","PR","Skilled",16190,2490,13700
2016,"NSW","PR","Humanitarian",10720,60,10660
2016,"NSW","PR","Other",2270,2460,-190
2016,"NSW","PR","Total",40250,7110,33140
2017,"NSW","PR","Family",9720,2210,7510
2017,"NSW","PR","Skilled",15380,2680,12700
2017,"NSW","PR","Humanitarian",4390,60,4330
2017,"NSW","PR","Other",2190,2680,-490
2017,"NSW","PR","Total",31680,7630,24050
2018,"NSW","PR","Family",8830,2190,6640
2018,"NSW","PR","Skilled",13000,2680,10320
2018,"NSW","PR","Humanitarian",6250,70,6180
2018,"NSW","PR","Other",2670,2950,-280
2018,"NSW","PR","Total",30750,7890,22860
2019,"NSW","PR","Family",7330,2520,4810
2019,"NSW","PR","Skilled",9290,2820,6470
2019,"NSW","PR","Humanitarian",5290,50,5240
2019,"NSW","PR","Other",3760,3520,240
2019,"NSW","PR","Total",25670,8910,16760
2020,"NSW","PR","Family",7580,1590,5990
2020,"NSW","PR","Skilled",7250,2030,5220
2020,"NSW","PR","Humanitarian",170,40,130
2020,"NSW","PR","Other",3040,2570,470
2020,"NSW","PR","Total",18040,6230,11810
2021,"NSW","PR","Family",9630,2650,6980
2021,"NSW","PR","Skilled",8790,2660,6130
2021,"NSW","PR","Humanitarian",3150,50,3100
2021,"NSW","PR","Other",3540,4070,-530
2021,"NSW","PR","Total",25110,9430,15680
2022,"NSW","PR","Family",7400,2120,5280
2022,"NSW","PR","Skilled",9620,1730,7890
2022,"NSW","PR","Humanitarian",4320,40,4280
2022,"NSW","PR","Other",4250,3630,620
2022,"NSW","PR","Total",25590,7520,18070
2023,"NSW","PR","Family",7690,1850,5840
2023,"NSW","PR","Skilled",11920,1600,10320
2023,"NSW","PR","Humanitarian",5670,60,5610
2023,"NSW","PR","Other",3640,3070,570
2023,"NSW","PR","Total",28920,6580,22340
2014,"VIC","PR","Family",9600,1600,8000
2014,"VIC","PR","Skilled",12890,2240,10650
2014,"VIC","PR","Humanitarian",3600,40,3560
2014,"VIC","PR","Other",1570,1650,-80
2014,"VIC","PR","Total",27660,5530,22130
2015,"VIC","PR","Family",9680,1490,8190
2015,"VIC","PR","Skilled",13420,2230,11190
2015,"VIC","PR","Humanitarian",3210,40,3170
2015,"VIC","PR","Other",1850,1690,160
2015,"VIC","PR","Total",28160,5450,22710
2016,"VIC","PR","Family",9290,1460,7830
2016,"VIC","PR","Skilled",15230,2280,12950
2016,"VIC","PR","Humanitarian",7220,30,7190
2016,"VIC","PR","Other",1900,1810,90
2016,"VIC","PR","Total",33640,5580,28060
2017,"VIC","PR","Family",8420,1420,7000
2017,"VIC","PR","Skilled",14410,2280,12130
2017,"VIC","PR","Humanitarian",3650,40,3610
2017,"VIC","PR","Other",1790,1970,-180
2017,"VIC","PR","Total",28270,5710,22560
2018,"VIC","PR","Family",7960,1650,6310
2018,"VIC","PR","Skilled",12660,2370,10290
2018,"VIC","PR","Humanitarian",4110,50,4060
2018,"VIC","PR","Other",2300,2290,10
2018,"VIC","PR","Total",27030,6360,20670
2019,"VIC","PR","Family",6620,1900,4720
2019,"VIC","PR","Skilled",8420,3090,5330
2019,"VIC","PR","Humanitarian",3650,40,3610
2019,"VIC","PR","Other",3100,2940,160
2019,"VIC","PR","Total",21790,7970,13820
2020,"VIC","PR","Family",3920,1490,2430
2020,"VIC","PR","Skilled",3630,2880,750
2020,"VIC","PR","Humanitarian",150,20,130
2020,"VIC","PR","Other",1300,2640,-1340
2020,"VIC","PR","Total",9000,7030,1970
2021,"VIC","PR","Family",8040,1860,6180
2021,"VIC","PR","Skilled",9260,2250,7010
2021,"VIC","PR","Humanitarian",2740,30,2710
2021,"VIC","PR","Other",3060,3240,-180
2021,"VIC","PR","Total",23100,7380,15720
2022,"VIC","PR","Family",6920,1590,5330
2022,"VIC","PR","Skilled",10630,1400,9230
2022,"VIC","PR","Humanitarian",4440,40,4400
2022,"VIC","PR","Other",3610,2830,780
2022,"VIC","PR","Total",25600,5860,19740
2023,"VIC","PR","Family",8220,1440,6780
2023,"VIC","PR","Skilled",11800,1420,10380
2023,"VIC","PR","Humanitarian",5950,60,5890
2023,"VIC","PR","Other",3100,2530,570
2023,"VIC","PR","Total",29070,5450,23620
2014,"QLD","PR","Family",4180,1070,3110
2014,"QLD","PR","Skilled",4490,1350,3140
2014,"QLD","PR","Humanitarian",1380,20,1360
2014,"QLD","PR","Other",840,970,-130
2014,"QLD","PR","Total",10890,3410,7480
2015,"QLD","PR","Family",4070,1000,3070
2015,"QLD","PR","Skilled",4380,1210,3170
2015,"QLD","PR","Humanitarian",1950,20,1930
2015,"QLD","PR","Other",920,1050,-130
2015,"QLD","PR","Total",11320,3280,8040
2016,"QLD","PR","Family",3730,930,2800
2016,"QLD","PR","Skilled",4860,1090,3770
2016,"QLD","PR","Humanitarian",2730,10,2720
2016,"QLD","PR","Other",940,1010,-70
2016,"QLD","PR","Total",12260,3040,9220
2017,"QLD","PR","Family",3200,900,2300
2017,"QLD","PR","Skilled",4480,1050,3430
2017,"QLD","PR","Humanitarian",1880,30,1850
2017,"QLD","PR","Other",900,1020,-120
2017,"QLD","PR","Total",10460,3000,7460
2018,"QLD","PR","Family",3040,890,2150
2018,"QLD","PR","Skilled",4170,910,3260
2018,"QLD","PR","Humanitarian",2500,20,2480
2018,"QLD","PR","Other",1080,1210,-130
2018,"QLD","PR","Total",10790,3030,7760
2019,"QLD","PR","Family",2470,930,1540
2019,"QLD","PR","Skilled",3240,910,2330
2019,"QLD","PR","Humanitarian",1920,20,1900
2019,"QLD","PR","Other",1250,1290,-40
2019,"QLD","PR","Total",8880,3150,5730
2020,"QLD","PR","Family",1740,530,1210
2020,"QLD","PR","Skilled",1550,710,840
2020,"QLD","PR","Humanitarian",130,10,120
2020,"QLD","PR","Other",680,850,-170
2020,"QLD","PR","Total",4100,2100,2000
2021,"QLD","PR","Family",3480,860,2620
2021,"QLD","PR","Skilled",3340,800,2540
2021,"QLD","PR","Humanitarian",720,20,700
2021,"QLD","PR","Other",1160,1210,-50
2021,"QLD","PR","Total",8700,2890,5810
2022,"QLD","PR","Family",2780,890,1890
2022,"QLD","PR","Skilled",4880,680,4200
2022,"QLD","PR","Humanitarian",1390,20,1370
2022,"QLD","PR","Other",1360,1340,20
2022,"QLD","PR","Total",10410,2930,7480
2023,"QLD","PR","Family",2870,900,1970
2023,"QLD","PR","Skilled",5170,770,4400
2023,"QLD","PR","Humanitarian",2760,20,2740
2023,"QLD","PR","Other",1250,1320,-70
2023,"QLD","PR","Total",12050,3010,9040
2014,"SA","PR","Family",1960,220,1740
2014,"SA","PR","Skilled",4240,520,3720
2014,"SA","PR","Humanitarian",790,10,780
2014,"SA","PR","Other",200,260,-60
2014,"SA","PR","Total",7190,1010,6180
2015,"SA","PR","Family",1800,230,1570
2015,"SA","PR","Skilled",3820,480,3340
2015,"SA","PR","Humanitarian",1080,10,1070
2015,"SA","PR","Other",220,250,-30
2015,"SA","PR","Total",6920,970,5950
2016,"SA","PR","Family",1650,220,1430
2016,"SA","PR","Skilled",3800,390,3410
2016,"SA","PR","Humanitarian",1440,0,1440
2016,"SA","PR","Other",230,290,-60
2016,"SA","PR","Total",7120,900,6220
2017,"SA","PR","Family",1550,220,1330
2017,"SA","PR","Skilled",4110,400,3710
2017,"SA","PR","Humanitarian",860,10,850
2017,"SA","PR","Other",200,300,-100
2017,"SA","PR","Total",6720,930,5790
2018,"SA","PR","Family",1390,220,1170
2018,"SA","PR","Skilled",4090,370,3720
2018,"SA","PR","Humanitarian",1000,10,990
2018,"SA","PR","Other",280,370,-90
2018,"SA","PR","Total",6760,970,5790
2019,"SA","PR","Family",1230,240,990
2019,"SA","PR","Skilled",3340,510,2830
2019,"SA","PR","Humanitarian",960,10,950
2019,"SA","PR","Other",400,370,30
2019,"SA","PR","Total",5930,1130,4800
2020,"SA","PR","Family",770,140,630
2020,"SA","PR","Skilled",780,290,490
2020,"SA","PR","Humanitarian",90,10,80
2020,"SA","PR","Other",210,280,-70
2020,"SA","PR","Total",1850,720,1130
2021,"SA","PR","Family",1380,230,1150
2021,"SA","PR","Skilled",2870,330,2540
2021,"SA","PR","Humanitarian",580,10,570
2021,"SA","PR","Other",340,390,-50
2021,"SA","PR","Total",5170,960,4210
2022,"SA","PR","Family",1220,250,970
2022,"SA","PR","Skilled",4090,310,3780
2022,"SA","PR","Humanitarian",1280,0,1280
2022,"SA","PR","Other",360,400,-40
2022,"SA","PR","Total",6950,960,5990
2023,"SA","PR","Family",1520,240,1280
2023,"SA","PR","Skilled",4300,380,3920
2023,"SA","PR","Humanitarian",1530,10,1520
2023,"SA","PR","Other",380,400,-20
2023,"SA","PR","Total",7730,1030,6700
2014,"WA","PR","Family",3510,780,2730
2014,"WA","PR","Skilled",6540,1530,5010
2014,"WA","PR","Humanitarian",730,10,720
2014,"WA","PR","Other",750,920,-170
2014,"WA","PR","Total",11530,3240,8290
2015,"WA","PR","Family",3560,700,2860
2015,"WA","PR","Skilled",5540,1740,3800
2015,"WA","PR","Humanitarian",880,20,860
2015,"WA","PR","Other",740,990,-250
2015,"WA","PR","Total",10720,3450,7270
2016,"WA","PR","Family",3020,710,2310
2016,"WA","PR","Skilled",4540,1510,3030
2016,"WA","PR","Humanitarian",990,10,980
2016,"WA","PR","Other",760,960,-200
2016,"WA","PR","Total",9310,3190,6120
2017,"WA","PR","Family",2580,620,1960
2017,"WA","PR","Skilled",3390,1090,2300
2017,"WA","PR","Humanitarian",660,10,650
2017,"WA","PR","Other",890,930,-40
2017,"WA","PR","Total",7520,2650,4870
2018,"WA","PR","Family",2360,620,1740
2018,"WA","PR","Skilled",2560,860,1700
2018,"WA","PR","Humanitarian",650,20,630
2018,"WA","PR","Other",1030,1060,-30
2018,"WA","PR","Total",6600,2560,4040
2019,"WA","PR","Family",2060,600,1460
2019,"WA","PR","Skilled",1800,700,1100
2019,"WA","PR","Humanitarian",540,10,530
2019,"WA","PR","Other",1600,1020,580
2019,"WA","PR","Total",6000,2330,3670
2020,"WA","PR","Family",1230,310,920
2020,"WA","PR","Skilled",950,350,600
2020,"WA","PR","Humanitarian",40,0,40
2020,"WA","PR","Other",690,660,30
2020,"WA","PR","Total",2910,1320,1590
2021,"WA","PR","Family",2510,550,1960
2021,"WA","PR","Skilled",2130,500,1630
2021,"WA","PR","Humanitarian",350,10,340
2021,"WA","PR","Other",970,1050,-80
2021,"WA","PR","Total",5960,2110,3850
2022,"WA","PR","Family",2220,560,1660
2022,"WA","PR","Skilled",3970,440,3530
2022,"WA","PR","Humanitarian",850,10,840
2022,"WA","PR","Other",1120,1110,10
2022,"WA","PR","Total",8160,2120,6040
2023,"WA","PR","Family",2250,520,1730
2023,"WA","PR","Skilled",5110,560,4550
2023,"WA","PR","Humanitarian",880,10,870
2023,"WA","PR","Other",980,970,10
2023,"WA","PR","Total",9220,2060,7160
2014,"TAS","PR","Family",220,50,170
2014,"TAS","PR","Skilled",120,60,60
2014,"TAS","PR","Humanitarian",290,0,290
2014,"TAS","PR","Other",40,40,0
2014,"TAS","PR","Total",670,150,520
2015,"TAS","PR","Family",200,40,160
2015,"TAS","PR","Skilled",130,50,80
2015,"TAS","PR","Humanitarian",370,0,370
2015,"TAS","PR","Other",30,50,-20
2015,"TAS","PR","Total",730,140,590
2016,"TAS","PR","Family",200,40,160
2016,"TAS","PR","Skilled",210,50,160
2016,"TAS","PR","Humanitarian",640,0,640
2016,"TAS","PR","Other",30,40,-10
2016,"TAS","PR","Total",1080,130,950
2017,"TAS","PR","Family",140,40,100
2017,"TAS","PR","Skilled",340,60,280
2017,"TAS","PR","Humanitarian",520,0,520
2017,"TAS","PR","Other",50,50,0
2017,"TAS","PR","Total",1050,150,900
2018,"TAS","PR","Family",160,40,120
2018,"TAS","PR","Skilled",580,110,470
2018,"TAS","PR","Humanitarian",530,0,530
2018,"TAS","PR","Other",40,50,-10
2018,"TAS","PR","Total",1310,200,1110
2019,"TAS","PR","Family",130,30,100
2019,"TAS","PR","Skilled",450,230,220
2019,"TAS","PR","Humanitarian",420,0,420
2019,"TAS","PR","Other",60,50,10
2019,"TAS","PR","Total",1060,310,750
2020,"TAS","PR","Family",80,30,50
2020,"TAS","PR","Skilled",160,130,30
2020,"TAS","PR","Humanitarian",0,0,0
2020,"TAS","PR","Other",20,30,-10
2020,"TAS","PR","Total",260,190,70
2021,"TAS","PR","Family",180,60,120
2021,"TAS","PR","Skilled",710,160,550
2021,"TAS","PR","Humanitarian",70,0,70
2021,"TAS","PR","Other",40,70,-30
2021,"TAS","PR","Total",1000,290,710
2022,"TAS","PR","Family",130,40,90
2022,"TAS","PR","Skilled",710,120,590
2022,"TAS","PR","Humanitarian",340,0,340
2022,"TAS","PR","Other",60,70,-10
2022,"TAS","PR","Total",1240,230,1010
2023,"TAS","PR","Family",140,40,100
2023,"TAS","PR","Skilled",870,120,750
2023,"TAS","PR","Humanitarian",280,0,280
2023,"TAS","PR","Other",40,60,-20
2023,"TAS","PR","Total",1330,220,1110
2014,"NT","PR","Family",300,80,220
2014,"NT","PR","Skilled",560,100,460
2014,"NT","PR","Humanitarian",20,0,20
2014,"NT","PR","Other",30,40,-10
2014,"NT","PR","Total",910,220,690
2015,"NT","PR","Family",270,70,200
2015,"NT","PR","Skilled",620,120,500
2015,"NT","PR","Humanitarian",70,0,70
2015,"NT","PR","Other",40,50,-10
2015,"NT","PR","Total",1000,240,760
2016,"NT","PR","Family",280,80,200
2016,"NT","PR","Skilled",600,110,490
2016,"NT","PR","Humanitarian",100,10,90
2016,"NT","PR","Other",50,50,0
2016,"NT","PR","Total",1030,250,780
2017,"NT","PR","Family",210,60,150
2017,"NT","PR","Skilled",560,90,470
2017,"NT","PR","Humanitarian",40,0,40
2017,"NT","PR","Other",30,60,-30
2017,"NT","PR","Total",840,210,630
2018,"NT","PR","Family",180,60,120
2018,"NT","PR","Skilled",590,80,510
2018,"NT","PR","Humanitarian",90,0,90
2018,"NT","PR","Other",30,70,-40
2018,"NT","PR","Total",890,210,680
2019,"NT","PR","Family",130,40,90
2019,"NT","PR","Skilled",340,120,220
2019,"NT","PR","Humanitarian",60,0,60
2019,"NT","PR","Other",30,90,-60
2019,"NT","PR","Total",560,250,310
2020,"NT","PR","Family",80,20,60
2020,"NT","PR","Skilled",90,50,40
2020,"NT","PR","Humanitarian",10,0,10
2020,"NT","PR","Other",30,30,0
2020,"NT","PR","Total",210,100,110
2021,"NT","PR","Family",230,50,180
2021,"NT","PR","Skilled",480,80,400
2021,"NT","PR","Humanitarian",70,0,70
2021,"NT","PR","Other",80,70,10
2021,"NT","PR","Total",860,200,660
2022,"NT","PR","Family",110,40,70
2022,"NT","PR","Skilled",610,60,550
2022,"NT","PR","Humanitarian",180,0,180
2022,"NT","PR","Other",40,50,-10
2022,"NT","PR","Total",940,150,790
2023,"NT","PR","Family",110,40,70
2023,"NT","PR","Skilled",610,80,530
2023,"NT","PR","Humanitarian",160,0,160
2023,"NT","PR","Other",30,50,-20
2023,"NT","PR","Total",910,170,740
2014,"ACT","PR","Family",520,110,410
2014,"ACT","PR","Skilled",1110,140,970
2014,"ACT","PR","Humanitarian",120,0,120
2014,"ACT","PR","Other",70,70,0
2014,"ACT","PR","Total",1820,320,1500
2015,"ACT","PR","Family",440,110,330
2015,"ACT","PR","Skilled",720,150,570
2015,"ACT","PR","Humanitarian",190,0,190
2015,"ACT","PR","Other",80,80,0
2015,"ACT","PR","Total",1430,340,1090
2016,"ACT","PR","Family",450,80,370
2016,"ACT","PR","Skilled",700,140,560
2016,"ACT","PR","Humanitarian",290,0,290
2016,"ACT","PR","Other",80,90,-10
2016,"ACT","PR","Total",1520,310,1210
2017,"ACT","PR","Family",460,90,370
2017,"ACT","PR","Skilled",670,130,540
2017,"ACT","PR","Humanitarian",190,0,190
2017,"ACT","PR","Other",80,90,-10
2017,"ACT","PR","Total",1400,310,1090
2018,"ACT","PR","Family",370,110,260
2018,"ACT","PR","Skilled",590,110,480
2018,"ACT","PR","Humanitarian",210,0,210
2018,"ACT","PR","Other",100,130,-30
2018,"ACT","PR","Total",1270,350,920
2019,"ACT","PR","Family",330,110,220
2019,"ACT","PR","Skilled",400,120,280
2019,"ACT","PR","Humanitarian",170,10,160
2019,"ACT","PR","Other",120,120,0
2019,"ACT","PR","Total",1020,360,660
2020,"ACT","PR","Family",250,70,180
2020,"ACT","PR","Skilled",220,120,100
2020,"ACT","PR","Humanitarian",10,0,10
2020,"ACT","PR","Other",120,70,50
2020,"ACT","PR","Total",600,260,340
2021,"ACT","PR","Family",450,110,340
2021,"ACT","PR","Skilled",520,160,360
2021,"ACT","PR","Humanitarian",100,0,100
2021,"ACT","PR","Other",110,150,-40
2021,"ACT","PR","Total",1180,420,760
2022,"ACT","PR","Family",310,110,200
2022,"ACT","PR","Skilled",900,110,790
2022,"ACT","PR","Humanitarian",170,0,170
2022,"ACT","PR","Other",130,130,0
2022,"ACT","PR","Total",1510,350,1160
2023,"ACT","PR","Family",330,90,240
2023,"ACT","PR","Skilled",950,120,830
2023,"ACT","PR","Humanitarian",230,10,220
2023,"ACT","PR","Other",150,130,20
2023,"ACT","PR","Total",1660,350,1310
2014,"AUS","Temporary","Student",122130,45050,77080
2014,"AUS","Temporary","Skilled",31490,21410,10080
2014,"AUS","Temporary","Working_Holiday",51600,28510,23090
2014,"AUS","Temporary","Visitors",50240,12200,38040
2014,"AUS","Temporary","Others",7480,20900,-13420
2014,"AUS","Temporary","Total",262940,128070,134870
2015,"AUS","Temporary","Student",132130,44110,88020
2015,"AUS","Temporary","Skilled",30490,18880,11610
2015,"AUS","Temporary","Working_Holiday",50100,27470,22630
2015,"AUS","Temporary","Visitors",60550,16460,44090
2015,"AUS","Temporary","Others",8490,22370,-13880
2015,"AUS","Temporary","Total",281760,129290,152470
2016,"AUS","Temporary","Student",149410,46810,102600
2016,"AUS","Temporary","Skilled",32690,15900,16790
2016,"AUS","Temporary","Working_Holiday",50330,25960,24370
2016,"AUS","Temporary","Visitors",72270,18470,53800
2016,"AUS","Temporary","Others",10120,24080,-13960
2016,"AUS","Temporary","Total",314820,131220,183600
2017,"AUS","Temporary","Student",157630,55420,102210
2017,"AUS","Temporary","Skilled",26940,15500,11440
2017,"AUS","Temporary","Working_Holiday",50990,22500,28490
2017,"AUS","Temporary","Visitors",79430,20830,58600
2017,"AUS","Temporary","Others",12320,29310,-16990
2017,"AUS","Temporary","Total",327310,143560,183750
2018,"AUS","Temporary","Student",164340,67440,96900
2018,"AUS","Temporary","Skilled",32600,15660,16940
2018,"AUS","Temporary","Working_Holiday",49090,25080,24010
2018,"AUS","Temporary","Visitors",91220,27310,63910
2018,"AUS","Temporary","Others",13410,33040,-19630
2018,"AUS","Temporary","Total",350660,168530,182130
2019,"AUS","Temporary","Student",110440,100920,9520
2019,"AUS","Temporary","Skilled",22840,13650,9190
2019,"AUS","Temporary","Working_Holiday",43950,25520,18430
2019,"AUS","Temporary","Visitors",117740,16880,100860
2019,"AUS","Temporary","Others",18680,39870,-21190
2019,"AUS","Temporary","Total",313650,196840,116810
2020,"AUS","Temporary","Student",1510,62190,-60680
2020,"AUS","Temporary","Skilled",8950,11320,-2370
2020,"AUS","Temporary","Working_Holiday",1020,7820,-6800
2020,"AUS","Temporary","Visitors",7700,15020,-7320
2020,"AUS","Temporary","Others",10390,50180,-39790
2020,"AUS","Temporary","Total",29570,146530,-116960
2021,"AUS","Temporary","Student",141420,26870,114550
2021,"AUS","Temporary","Skilled",24420,8730,15690
2021,"AUS","Temporary","Working_Holiday",20470,4580,15890
2021,"AUS","Temporary","Visitors",47410,17100,30310
2021,"AUS","Temporary","Others",32490,42180,-9690
2021,"AUS","Temporary","Total",266210,99460,166750
2022,"AUS","Temporary","Student",277760,15490,262270
2022,"AUS","Temporary","Skilled",49250,5630,43620
2022,"AUS","Temporary","Working_Holiday",73670,2960,70710
2022,"AUS","Temporary","Visitors",108350,18400,89950
2022,"AUS","Temporary","Others",47600,31850,15750
2022,"AUS","Temporary","Total",556630,74330,482300
2023,"AUS","Temporary","Student",206770,30540,176230
2023,"AUS","Temporary","Skilled",48810,6860,41950
2023,"AUS","Temporary","Working_Holiday",79600,10770,68830
2023,"AUS","Temporary","Visitors",89970,17490,72480
2023,"AUS","Temporary","Others",39640,38310,1330
2023,"AUS","Temporary","Total",464790,103970,360820
2014,"NSW","Temporary","Student",44960,15310,29650
2014,"NSW","Temporary","Skilled",12100,6900,5200
2014,"NSW","Temporary","Working_Holiday",17310,7760,9550
2014,"NSW","Temporary","Visitors",18280,4460,13820
2014,"NSW","Temporary","Others",2540,6910,-4370
2014,"NSW","Temporary","Total",95190,41340,53850
2015,"NSW","Temporary","Student",48170,15020,33150
2015,"NSW","Temporary","Skilled",12900,6430,6470
2015,"NSW","Temporary","Working_Holiday",18070,7640,10430
2015,"NSW","Temporary","Visitors",21450,5520,15930
2015,"NSW","Temporary","Others",2830,7420,-4590
2015,"NSW","Temporary","Total",103420,42030,61390
2016,"NSW","Temporary","Student",55670,15930,39740
2016,"NSW","Temporary","Skilled",14100,6370,7730
2016,"NSW","Temporary","Working_Holiday",19440,7860,11580
2016,"NSW","Temporary","Visitors",27310,7410,19900
2016,"NSW","Temporary","Others",3540,8480,-4940
2016,"NSW","Temporary","Total",120060,46050,74010
2017,"NSW","Temporary","Student",59550,20300,39250
2017,"NSW","Temporary","Skilled",11380,6640,4740
2017,"NSW","Temporary","Working_Holiday",19270,7260,12010
2017,"NSW","Temporary","Visitors",30860,7920,22940
2017,"NSW","Temporary","Others",4090,10140,-6050
2017,"NSW","Temporary","Total",125150,52260,72890
2018,"NSW","Temporary","Student",58670,25740,32930
2018,"NSW","Temporary","Skilled",13780,7200,6580
2018,"NSW","Temporary","Working_Holiday",17700,8450,9250
2018,"NSW","Temporary","Visitors",33820,10320,23500
2018,"NSW","Temporary","Others",4420,11730,-7310
2018,"NSW","Temporary","Total",128390,63440,64950
2019,"NSW","Temporary","Student",36210,39980,-3770
2019,"NSW","Temporary","Skilled",9430,6640,2790
2019,"NSW","Temporary","Working_Holiday",15890,8630,7260
2019,"NSW","Temporary","Visitors",40660,6280,34380
2019,"NSW","Temporary","Others",4880,14910,-10030
2019,"NSW","Temporary","Total",107070,76440,30630
2020,"NSW","Temporary","Student",640,21430,-20790
2020,"NSW","Temporary","Skilled",4560,4990,-430
2020,"NSW","Temporary","Working_Holiday",560,2250,-1690
2020,"NSW","Temporary","Visitors",3700,5320,-1620
2020,"NSW","Temporary","Others",4180,16500,-12320
2020,"NSW","Temporary","Total",13640,50490,-36850
2021,"NSW","Temporary","Student",55360,10040,45320
2021,"NSW","Temporary","Skilled",9880,4190,5690
2021,"NSW","Temporary","Working_Holiday",7600,1590,6010
2021,"NSW","Temporary","Visitors",16250,5900,10350
2021,"NSW","Temporary","Others",8910,15910,-7000
2021,"NSW","Temporary","Total",98000,37630,60370
2022,"NSW","Temporary","Student",97780,5900,91880
2022,"NSW","Temporary","Skilled",18290,2650,15640
2022,"NSW","Temporary","Working_Holiday",26210,950,25260
2022,"NSW","Temporary","Visitors",40230,6480,33750
2022,"NSW","Temporary","Others",13340,11040,2300
2022,"NSW","Temporary","Total",195850,27020,168830
2023,"NSW","Temporary","Student",69890,12090,57800
2023,"NSW","Temporary","Skilled",16330,3090,13240
2023,"NSW","Temporary","Working_Holiday",28240,3350,24890
2023,"NSW","Temporary","Visitors",33440,6170,27270
2023,"NSW","Temporary","Others",11910,13040,-1130
2023,"NSW","Temporary","Total",159810,37740,122070
2014,"VIC","Temporary","Student",37910,12420,25490
2014,"VIC","Temporary","Skilled",7570,4250,3320
2014,"VIC","Temporary","Working_Holiday",11200,5950,5250
2014,"VIC","Temporary","Visitors",14730,3220,11510
2014,"VIC","Temporary","Others",2100,5910,-3810
2014,"VIC","Temporary","Total",73510,31750,41760
2015,"VIC","Temporary","Student",42100,12550,29550
2015,"VIC","Temporary","Skilled",7670,3950,3720
2015,"VIC","Temporary","Working_Holiday",11460,5990,5470
2015,"VIC","Temporary","Visitors",19190,4610,14580
2015,"VIC","Temporary","Others",2530,6050,-3520
2015,"VIC","Temporary","Total",82950,33150,49800
2016,"VIC","Temporary","Student",49000,13630,35370
2016,"VIC","Temporary","Skilled",9040,3450,5590
2016,"VIC","Temporary","Working_Holiday",12260,5780,6480
2016,"VIC","Temporary","Visitors",22590,4680,17910
2016,"VIC","Temporary","Others",3230,7060,-3830
2016,"VIC","Temporary","Total",96120,34600,61520
2017,"VIC","Temporary","Student",53030,16520,36510
2017,"VIC","Temporary","Skilled",7620,3700,3920
2017,"VIC","Temporary","Working_Holiday",13160,5380,7780
2017,"VIC","Temporary","Visitors",25930,5660,20270
2017,"VIC","Temporary","Others",4020,9210,-5190
2017,"VIC","Temporary","Total",103760,40470,63290
2018,"VIC","Temporary","Student",56530,20720,35810
2018,"VIC","Temporary","Skilled",9240,3650,5590
2018,"VIC","Temporary","Working_Holiday",12870,6310,6560
2018,"VIC","Temporary","Visitors",29110,7560,21550
2018,"VIC","Temporary","Others",4440,10560,-6120
2018,"VIC","Temporary","Total",112190,48800,63390
2019,"VIC","Temporary","Student",37150,31780,5370
2019,"VIC","Temporary","Skilled",5850,3460,2390
2019,"VIC","Temporary","Working_Holiday",11720,6820,4900
2019,"VIC","Temporary","Visitors",38240,4850,33390
2019,"VIC","Temporary","Others",6040,13270,-7230
2019,"VIC","Temporary","Total",99000,60180,38820
2020,"VIC","Temporary","Student",300,24670,-24370
2020,"VIC","Temporary","Skilled",1400,3330,-1930
2020,"VIC","Temporary","Working_Holiday",160,2120,-1960
2020,"VIC","Temporary","Visitors",1480,4910,-3430
2020,"VIC","Temporary","Others",1040,19560,-18520
2020,"VIC","Temporary","Total",4380,54590,-50210
2021,"VIC","Temporary","Student",46750,8250,38500
2021,"VIC","Temporary","Skilled",6310,2230,4080
2021,"VIC","Temporary","Working_Holiday",4910,1060,3850
2021,"VIC","Temporary","Visitors",15580,5350,10230
2021,"VIC","Temporary","Others",8850,13520,-4670
2021,"VIC","Temporary","Total",82400,30410,51990
2022,"VIC","Temporary","Student",80000,4560,75440
2022,"VIC","Temporary","Skilled",13790,1250,12540
2022,"VIC","Temporary","Working_Holiday",17300,710,16590
2022,"VIC","Temporary","Visitors",33640,5380,28260
2022,"VIC","Temporary","Others",13430,9040,4390
2022,"VIC","Temporary","Total",158160,20940,137220
2023,"VIC","Temporary","Student",62030,8990,53040
2023,"VIC","Temporary","Skilled",12060,1670,10390
2023,"VIC","Temporary","Working_Holiday",20220,2460,17760
2023,"VIC","Temporary","Visitors",28050,5070,22980
2023,"VIC","Temporary","Others",11240,10650,590
2023,"VIC","Temporary","Total",133600,28840,104760
2014,"QLD","Temporary","Student",17570,8440,9130
2014,"QLD","Temporary","Skilled",4540,3880,660
2014,"QLD","Temporary","Working_Holiday",11200,6670,4530
2014,"QLD","Temporary","Visitors",7640,2130,5510
2014,"QLD","Temporary","Others",1140,3880,-2740
2014,"QLD","Temporary","Total",42090,25000,17090
2015,"QLD","Temporary","Student",18770,7810,10960
2015,"QLD","Temporary","Skilled",3980,3000,980
2015,"QLD","Temporary","Working_Holiday",10710,6330,4380
2015,"QLD","Temporary","Visitors",9120,3200,5920
2015,"QLD","Temporary","Others",1190,4220,-3030
2015,"QLD","Temporary","Total",43770,24560,19210
2016,"QLD","Temporary","Student",21310,8190,13120
2016,"QLD","Temporary","Skilled",4210,2120,2090
2016,"QLD","Temporary","Working_Holiday",10320,6030,4290
2016,"QLD","Temporary","Visitors",10490,3110,7380
2016,"QLD","Temporary","Others",1420,3540,-2120
2016,"QLD","Temporary","Total",47750,22990,24760
2017,"QLD","Temporary","Student",21950,9520,12430
2017,"QLD","Temporary","Skilled",3330,1870,1460
2017,"QLD","Temporary","Working_Holiday",10550,5270,5280
2017,"QLD","Temporary","Visitors",10500,3910,6590
2017,"QLD","Temporary","Others",1880,4330,-2450
2017,"QLD","Temporary","Total",48210,24900,23310
2018,"QLD","Temporary","Student",24180,11060,13120
2018,"QLD","Temporary","Skilled",4230,1920,2310
2018,"QLD","Temporary","Working_Holiday",10210,5880,4330
2018,"QLD","Temporary","Visitors",12840,5070,7770
2018,"QLD","Temporary","Others",1870,4920,-3050
2018,"QLD","Temporary","Total",53330,28850,24480
2019,"QLD","Temporary","Student",17220,15360,1860
2019,"QLD","Temporary","Skilled",3390,1400,1990
2019,"QLD","Temporary","Working_Holiday",8370,5860,2510
2019,"QLD","Temporary","Visitors",16420,3020,13400
2019,"QLD","Temporary","Others",3170,5370,-2200
2019,"QLD","Temporary","Total",48570,31010,17560
2020,"QLD","Temporary","Student",280,8710,-8430
2020,"QLD","Temporary","Skilled",1320,1220,100
2020,"QLD","Temporary","Working_Holiday",180,1960,-1780
2020,"QLD","Temporary","Visitors",1160,2060,-900
2020,"QLD","Temporary","Others",2430,6420,-3990
2020,"QLD","Temporary","Total",5370,20370,-15000
2021,"QLD","Temporary","Student",17070,4640,12430
2021,"QLD","Temporary","Skilled",3320,1020,2300
2021,"QLD","Temporary","Working_Holiday",4110,1020,3090
2021,"QLD","Temporary","Visitors",6760,2200,4560
2021,"QLD","Temporary","Others",6160,5710,450
2021,"QLD","Temporary","Total",37420,14590,22830
2022,"QLD","Temporary","Student",43620,2610,41010
2022,"QLD","Temporary","Skilled",7250,760,6490
2022,"QLD","Temporary","Working_Holiday",14740,660,14080
2022,"QLD","Temporary","Visitors",14840,2980,11860
2022,"QLD","Temporary","Others",8750,5670,3080
2022,"QLD","Temporary","Total",89200,12680,76520
2023,"QLD","Temporary","Student",30900,5060,25840
2023,"QLD","Temporary","Skilled",8880,930,7950
2023,"QLD","Temporary","Working_Holiday",15860,2470,13390
2023,"QLD","Temporary","Visitors",12940,2860,10080
2023,"QLD","Temporary","Others",7260,7200,60
2023,"QLD","Temporary","Total",75840,18520,57320
2014,"SA","Temporary","Student",7100,2990,4110
2014,"SA","Temporary","Skilled",1200,590,610
2014,"SA","Temporary","Working_Holiday",1610,1110,500
2014,"SA","Temporary","Visitors",1940,460,1480
2014,"SA","Temporary","Others",330,840,-510
2014,"SA","Temporary","Total",12180,5990,6190
2015,"SA","Temporary","Student",7420,2980,4440
2015,"SA","Temporary","Skilled",1040,530,510
2015,"SA","Temporary","Working_Holiday",1390,1070,320
2015,"SA","Temporary","Visitors",2150,530,1620
2015,"SA","Temporary","Others",370,980,-610
2015,"SA","Temporary","Total",12370,6090,6280
2016,"SA","Temporary","Student",7500,3050,4450
2016,"SA","Temporary","Skilled",930,460,470
2016,"SA","Temporary","Working_Holiday",1210,890,320
2016,"SA","Temporary","Visitors",2310,560,1750
2016,"SA","Temporary","Others",430,980,-550
2016,"SA","Temporary","Total",12380,5940,6440
2017,"SA","Temporary","Student",7790,2820,4970
2017,"SA","Temporary","Skilled",1010,440,570
2017,"SA","Temporary","Working_Holiday",1070,630,440
2017,"SA","Temporary","Visitors",2630,640,1990
2017,"SA","Temporary","Others",560,1220,-660
2017,"SA","Temporary","Total",13060,5750,7310
2018,"SA","Temporary","Student",8680,2930,5750
2018,"SA","Temporary","Skilled",1060,430,630
2018,"SA","Temporary","Working_Holiday",1120,620,500
2018,"SA","Temporary","Visitors",3910,880,3030
2018,"SA","Temporary","Others",680,1190,-510
2018,"SA","Temporary","Total",15450,6050,9400
2019,"SA","Temporary","Student",7700,5260,2440
2019,"SA","Temporary","Skilled",720,410,310
2019,"SA","Temporary","Working_Holiday",1050,510,540
2019,"SA","Temporary","Visitors",6050,610,5440
2019,"SA","Temporary","Others",1080,1550,-470
2019,"SA","Temporary","Total",16600,8340,8260
2020,"SA","Temporary","Student",80,2600,-2520
2020,"SA","Temporary","Skilled",340,310,30
2020,"SA","Temporary","Working_Holiday",30,230,-200
2020,"SA","Temporary","Visitors",290,750,-460
2020,"SA","Temporary","Others",720,2030,-1310
2020,"SA","Temporary","Total",1460,5920,-4460
2021,"SA","Temporary","Student",9040,1380,7660
2021,"SA","Temporary","Skilled",880,220,660
2021,"SA","Temporary","Working_Holiday",590,120,470
2021,"SA","Temporary","Visitors",2580,970,1610
2021,"SA","Temporary","Others",1730,1650,80
2021,"SA","Temporary","Total",14820,4340,10480
2022,"SA","Temporary","Student",16450,840,15610
2022,"SA","Temporary","Skilled",1670,160,1510
2022,"SA","Temporary","Working_Holiday",1960,80,1880
2022,"SA","Temporary","Visitors",5010,820,4190
2022,"SA","Temporary","Others",2840,1540,1300
2022,"SA","Temporary","Total",27930,3440,24490
2023,"SA","Temporary","Student",11920,1440,10480
2023,"SA","Temporary","Skilled",1620,170,1450
2023,"SA","Temporary","Working_Holiday",2010,270,1740
2023,"SA","Temporary","Visitors",3950,880,3070
2023,"SA","Temporary","Others",2160,1660,500
2023,"SA","Temporary","Total",21660,4420,17240
2014,"WA","Temporary","Student",9280,3680,5600
2014,"WA","Temporary","Skilled",4690,5080,-390
2014,"WA","Temporary","Working_Holiday",8330,5480,2850
2014,"WA","Temporary","Visitors",6040,1490,4550
2014,"WA","Temporary","Others",850,2320,-1470
2014,"WA","Temporary","Total",29190,18050,11140
2015,"WA","Temporary","Student",10330,3720,6610
2015,"WA","Temporary","Skilled",3690,4420,-730
2015,"WA","Temporary","Working_Holiday",6700,5050,1650
2015,"WA","Temporary","Visitors",6860,2030,4830
2015,"WA","Temporary","Others",1020,2640,-1620
2015,"WA","Temporary","Total",28600,17860,10740
2016,"WA","Temporary","Student",10040,3830,6210
2016,"WA","Temporary","Skilled",3120,2940,180
2016,"WA","Temporary","Working_Holiday",5360,4240,1120
2016,"WA","Temporary","Visitors",7550,1950,5600
2016,"WA","Temporary","Others",910,2810,-1900
2016,"WA","Temporary","Total",26980,15770,11210
2017,"WA","Temporary","Student",8920,3960,4960
2017,"WA","Temporary","Skilled",2650,2120,530
2017,"WA","Temporary","Working_Holiday",5220,3080,2140
2017,"WA","Temporary","Visitors",7160,2090,5070
2017,"WA","Temporary","Others",950,3250,-2300
2017,"WA","Temporary","Total",24900,14500,10400
2018,"WA","Temporary","Student",10700,3930,6770
2018,"WA","Temporary","Skilled",3200,1880,1320
2018,"WA","Temporary","Working_Holiday",5560,2880,2680
2018,"WA","Temporary","Visitors",8530,2610,5920
2018,"WA","Temporary","Others",1130,3220,-2090
2018,"WA","Temporary","Total",29120,14520,14600
2019,"WA","Temporary","Student",8490,4150,4340
2019,"WA","Temporary","Skilled",2790,1400,1390
2019,"WA","Temporary","Working_Holiday",5870,2840,3030
2019,"WA","Temporary","Visitors",12050,1540,10510
2019,"WA","Temporary","Others",1490,3100,-1610
2019,"WA","Temporary","Total",30690,13030,17660
2020,"WA","Temporary","Student",80,2430,-2350
2020,"WA","Temporary","Skilled",1150,1210,-60
2020,"WA","Temporary","Working_Holiday",80,980,-900
2020,"WA","Temporary","Visitors",810,1380,-570
2020,"WA","Temporary","Others",890,3670,-2780
2020,"WA","Temporary","Total",3010,9670,-6660
2021,"WA","Temporary","Student",7540,1530,6010
2021,"WA","Temporary","Skilled",3360,880,2480
2021,"WA","Temporary","Working_Holiday",2630,660,1970
2021,"WA","Temporary","Visitors",4410,1980,2430
2021,"WA","Temporary","Others",3070,3500,-430
2021,"WA","Temporary","Total",21010,8550,12460
2022,"WA","Temporary","Student",30330,820,29510
2022,"WA","Temporary","Skilled",6960,680,6280
2022,"WA","Temporary","Working_Holiday",11560,480,11080
2022,"WA","Temporary","Visitors",10880,2090,8790
2022,"WA","Temporary","Others",6060,2600,3460
2022,"WA","Temporary","Total",65790,6670,59120
2023,"WA","Temporary","Student",24820,1620,23200
2023,"WA","Temporary","Skilled",8430,860,7570
2023,"WA","Temporary","Working_Holiday",11620,1930,9690
2023,"WA","Temporary","Visitors",8560,1790,6770
2023,"WA","Temporary","Others",4880,4030,850
2023,"WA","Temporary","Total",58310,10230,48080
2014,"TAS","Temporary","Student",1410,540,870
2014,"TAS","Temporary","Skilled",180,80,100
2014,"TAS","Temporary","Working_Holiday",510,380,130
2014,"TAS","Temporary","Visitors",350,100,250
2014,"TAS","Temporary","Others",50,120,-70
2014,"TAS","Temporary","Total",2500,1220,1280
2015,"TAS","Temporary","Student",1280,380,900
2015,"TAS","Temporary","Skilled",210,70,140
2015,"TAS","Temporary","Working_Holiday",480,410,70
2015,"TAS","Temporary","Visitors",420,160,260
2015,"TAS","Temporary","Others",60,140,-80
2015,"TAS","Temporary","Total",2450,1160,1290
2016,"TAS","Temporary","Student",1310,380,930
2016,"TAS","Temporary","Skilled",190,40,150
2016,"TAS","Temporary","Working_Holiday",490,370,120
2016,"TAS","Temporary","Visitors",520,180,340
2016,"TAS","Temporary","Others",60,140,-80
2016,"TAS","Temporary","Total",2570,1110,1460
2017,"TAS","Temporary","Student",1600,410,1190
2017,"TAS","Temporary","Skilled",200,50,150
2017,"TAS","Temporary","Working_Holiday",470,260,210
2017,"TAS","Temporary","Visitors",590,160,430
2017,"TAS","Temporary","Others",150,150,0
2017,"TAS","Temporary","Total",3010,1030,1980
2018,"TAS","Temporary","Student",1700,550,1150
2018,"TAS","Temporary","Skilled",320,60,260
2018,"TAS","Temporary","Working_Holiday",490,310,180
2018,"TAS","Temporary","Visitors",740,260,480
2018,"TAS","Temporary","Others",220,270,-50
2018,"TAS","Temporary","Total",3470,1450,2020
2019,"TAS","Temporary","Student",1140,990,150
2019,"TAS","Temporary","Skilled",130,30,100
2019,"TAS","Temporary","Working_Holiday",380,290,90
2019,"TAS","Temporary","Visitors",1080,130,950
2019,"TAS","Temporary","Others",1350,420,930
2019,"TAS","Temporary","Total",4080,1860,2220
2020,"TAS","Temporary","Student",30,370,-340
2020,"TAS","Temporary","Skilled",60,50,10
2020,"TAS","Temporary","Working_Holiday",10,110,-100
2020,"TAS","Temporary","Visitors",70,150,-80
2020,"TAS","Temporary","Others",620,520,100
2020,"TAS","Temporary","Total",790,1200,-410
2021,"TAS","Temporary","Student",1320,200,1120
2021,"TAS","Temporary","Skilled",210,30,180
2021,"TAS","Temporary","Working_Holiday",140,50,90
2021,"TAS","Temporary","Visitors",460,150,310
2021,"TAS","Temporary","Others",1470,440,1030
2021,"TAS","Temporary","Total",3600,870,2730
2022,"TAS","Temporary","Student",2000,130,1870
2022,"TAS","Temporary","Skilled",390,20,370
2022,"TAS","Temporary","Working_Holiday",600,30,570
2022,"TAS","Temporary","Visitors",890,160,730
2022,"TAS","Temporary","Others",1270,780,490
2022,"TAS","Temporary","Total",5150,1120,4030
2023,"TAS","Temporary","Student",1520,160,1360
2023,"TAS","Temporary","Skilled",400,30,370
2023,"TAS","Temporary","Working_Holiday",520,90,430
2023,"TAS","Temporary","Visitors",780,190,590
2023,"TAS","Temporary","Others",840,730,110
2023,"TAS","Temporary","Total",4060,1200,2860
2014,"NT","Temporary","Student",580,130,450
2014,"NT","Temporary","Skilled",620,370,250
2014,"NT","Temporary","Working_Holiday",1180,1020,160
2014,"NT","Temporary","Visitors",600,210,390
2014,"NT","Temporary","Others",180,470,-290
2014,"NT","Temporary","Total",3160,2200,960
2015,"NT","Temporary","Student",650,130,520
2015,"NT","Temporary","Skilled",550,290,260
2015,"NT","Temporary","Working_Holiday",1040,840,200
2015,"NT","Temporary","Visitors",650,240,410
2015,"NT","Temporary","Others",230,440,-210
2015,"NT","Temporary","Total",3120,1940,1180
2016,"NT","Temporary","Student",620,170,450
2016,"NT","Temporary","Skilled",560,310,250
2016,"NT","Temporary","Working_Holiday",980,700,280
2016,"NT","Temporary","Visitors",710,400,310
2016,"NT","Temporary","Others",210,590,-380
2016,"NT","Temporary","Total",3080,2170,910
2017,"NT","Temporary","Student",440,120,320
2017,"NT","Temporary","Skilled",370,480,-110
2017,"NT","Temporary","Working_Holiday",890,530,360
2017,"NT","Temporary","Visitors",640,190,450
2017,"NT","Temporary","Others",200,400,-200
2017,"NT","Temporary","Total",2540,1720,820
2018,"NT","Temporary","Student",550,120,430
2018,"NT","Temporary","Skilled",310,350,-40
2018,"NT","Temporary","Working_Holiday",880,500,380
2018,"NT","Temporary","Visitors",930,220,710
2018,"NT","Temporary","Others",250,390,-140
2018,"NT","Temporary","Total",2920,1580,1340
2019,"NT","Temporary","Student",380,130,250
2019,"NT","Temporary","Skilled",180,150,30
2019,"NT","Temporary","Working_Holiday",480,470,10
2019,"NT","Temporary","Visitors",1060,150,910
2019,"NT","Temporary","Others",330,350,-20
2019,"NT","Temporary","Total",2430,1250,1180
2020,"NT","Temporary","Student",30,70,-40
2020,"NT","Temporary","Skilled",60,90,-30
2020,"NT","Temporary","Working_Holiday",10,140,-130
2020,"NT","Temporary","Visitors",70,110,-40
2020,"NT","Temporary","Others",390,410,-20
2020,"NT","Temporary","Total",560,820,-260
2021,"NT","Temporary","Student",630,70,560
2021,"NT","Temporary","Skilled",240,50,190
2021,"NT","Temporary","Working_Holiday",390,60,330
2021,"NT","Temporary","Visitors",420,180,240
2021,"NT","Temporary","Others",1560,520,1040
2021,"NT","Temporary","Total",3240,880,2360
2022,"NT","Temporary","Student",1580,40,1540
2022,"NT","Temporary","Skilled",430,40,390
2022,"NT","Temporary","Working_Holiday",1050,50,1000
2022,"NT","Temporary","Visitors",870,170,700
2022,"NT","Temporary","Others",870,520,350
2022,"NT","Temporary","Total",4800,820,3980
2023,"NT","Temporary","Student",1120,60,1060
2023,"NT","Temporary","Skilled",570,50,520
2023,"NT","Temporary","Working_Holiday",840,160,680
2023,"NT","Temporary","Visitors",680,170,510
2023,"NT","Temporary","Others",560,370,190
2023,"NT","Temporary","Total",3770,810,2960
2014,"ACT","Temporary","Student",3320,1540,1780
2014,"ACT","Temporary","Skilled",580,260,320
2014,"ACT","Temporary","Working_Holiday",270,140,130
2014,"ACT","Temporary","Visitors",670,130,540
2014,"ACT","Temporary","Others",280,440,-160
2014,"ACT","Temporary","Total",5120,2510,2610
2015,"ACT","Temporary","Student",3410,1530,1880
2015,"ACT","Temporary","Skilled",450,190,260
2015,"ACT","Temporary","Working_Holiday",260,130,130
2015,"ACT","Temporary","Visitors",700,180,520
2015,"ACT","Temporary","Others",250,490,-240
2015,"ACT","Temporary","Total",5070,2520,2550
2016,"ACT","Temporary","Student",3960,1630,2330
2016,"ACT","Temporary","Skilled",550,220,330
2016,"ACT","Temporary","Working_Holiday",280,100,180
2016,"ACT","Temporary","Visitors",800,190,610
2016,"ACT","Temporary","Others",330,490,-160
2016,"ACT","Temporary","Total",5920,2630,3290
2017,"ACT","Temporary","Student",4350,1770,2580
2017,"ACT","Temporary","Skilled",380,210,170
2017,"ACT","Temporary","Working_Holiday",350,100,250
2017,"ACT","Temporary","Visitors",1120,280,840
2017,"ACT","Temporary","Others",470,620,-150
2017,"ACT","Temporary","Total",6670,2980,3690
2018,"ACT","Temporary","Student",3330,2380,950
2018,"ACT","Temporary","Skilled",480,180,300
2018,"ACT","Temporary","Working_Holiday",260,130,130
2018,"ACT","Temporary","Visitors",1350,410,940
2018,"ACT","Temporary","Others",410,750,-340
2018,"ACT","Temporary","Total",5830,3850,1980
2019,"ACT","Temporary","Student",2170,3270,-1100
2019,"ACT","Temporary","Skilled",350,150,200
2019,"ACT","Temporary","Working_Holiday",190,100,90
2019,"ACT","Temporary","Visitors",2190,290,1900
2019,"ACT","Temporary","Others",340,910,-570
2019,"ACT","Temporary","Total",5240,4720,520
2020,"ACT","Temporary","Student",70,1920,-1850
2020,"ACT","Temporary","Skilled",60,120,-60
2020,"ACT","Temporary","Working_Holiday",10,40,-30
2020,"ACT","Temporary","Visitors",120,350,-230
2020,"ACT","Temporary","Others",130,1070,-940
2020,"ACT","Temporary","Total",390,3500,-3110
2021,"ACT","Temporary","Student",3680,750,2930
2021,"ACT","Temporary","Skilled",230,110,120
2021,"ACT","Temporary","Working_Holiday",100,20,80
2021,"ACT","Temporary","Visitors",950,370,580
2021,"ACT","Temporary","Others",720,940,-220
2021,"ACT","Temporary","Total",5680,2190,3490
2022,"ACT","Temporary","Student",5980,600,5380
2022,"ACT","Temporary","Skilled",460,80,380
2022,"ACT","Temporary","Working_Holiday",260,10,250
2022,"ACT","Temporary","Visitors",1980,320,1660
2022,"ACT","Temporary","Others",1040,650,390
2022,"ACT","Temporary","Total",9720,1660,8060
2023,"ACT","Temporary","Student",4540,1100,3440
2023,"ACT","Temporary","Skilled",510,60,450
2023,"ACT","Temporary","Working_Holiday",290,40,250
2023,"ACT","Temporary","Visitors",1560,350,1210
2023,"ACT","Temporary","Others",800,620,180
2023,"ACT","Temporary","Total",7700,2170,5530
2014,"AUS","AUS_Citizen","AUS_Citizen",71680,27080,44600
2014,"AUS","NZ_Citizen","NZ_Citizen",31750,27080,4670
2015,"AUS","AUS_Citizen","AUS_Citizen",75800,27640,48160
2015,"AUS","NZ_Citizen","NZ_Citizen",33700,27640,6060
2016,"AUS","AUS_Citizen","AUS_Citizen",79280,25600,53680
2016,"AUS","NZ_Citizen","NZ_Citizen",32330,25600,6730
2017,"AUS","AUS_Citizen","AUS_Citizen",77160,22910,54250
2017,"AUS","NZ_Citizen","NZ_Citizen",30380,22910,7470
2018,"AUS","AUS_Citizen","AUS_Citizen",78900,22410,56490
2018,"AUS","NZ_Citizen","NZ_Citizen",30540,22410,8130
2019,"AUS","AUS_Citizen","AUS_Citizen",96410,20850,75560
2019,"AUS","NZ_Citizen","NZ_Citizen",22220,20850,1370
2020,"AUS","AUS_Citizen","AUS_Citizen",61370,19050,42320
2020,"AUS","NZ_Citizen","NZ_Citizen",16950,19050,-2100
2021,"AUS","AUS_Citizen","AUS_Citizen",62480,15230,47250
2021,"AUS","NZ_Citizen","NZ_Citizen",24120,15230,8890
2022,"AUS","AUS_Citizen","AUS_Citizen",58750,16390,42360
2022,"AUS","NZ_Citizen","NZ_Citizen",42660,16390,26270
2023,"AUS","AUS_Citizen","AUS_Citizen",60040,14130,45910
2023,"AUS","NZ_Citizen","NZ_Citizen",51100,14130,36970
2014,"NSW","AUS_Citizen","AUS_Citizen",25690,34220,-8530
2014,"NSW","NZ_Citizen","NZ_Citizen",7740,5740,2000
2015,"NSW","AUS_Citizen","AUS_Citizen",26460,34070,-7610
2015,"NSW","NZ_Citizen","NZ_Citizen",9230,5980,3250
2016,"NSW","AUS_Citizen","AUS_Citizen",27580,32320,-4740
2016,"NSW","NZ_Citizen","NZ_Citizen",8730,5620,3110
2017,"NSW","AUS_Citizen","AUS_Citizen",26370,32480,-6110
2017,"NSW","NZ_Citizen","NZ_Citizen",7300,5500,1800
2018,"NSW","AUS_Citizen","AUS_Citizen",27080,30350,-3270
2018,"NSW","NZ_Citizen","NZ_Citizen",7130,5450,1680
2019,"NSW","AUS_Citizen","AUS_Citizen",33840,21380,12460
2019,"NSW","NZ_Citizen","NZ_Citizen",5110,5070,40
2020,"NSW","AUS_Citizen","AUS_Citizen",31060,15590,15470
2020,"NSW","NZ_Citizen","NZ_Citizen",7460,4580,2880
2021,"NSW","AUS_Citizen","AUS_Citizen",23760,29740,-5980
2021,"NSW","NZ_Citizen","NZ_Citizen",5370,4680,690
2022,"NSW","AUS_Citizen","AUS_Citizen",20020,32790,-12770
2022,"NSW","NZ_Citizen","NZ_Citizen",8380,4540,3840
2023,"NSW","AUS_Citizen","AUS_Citizen",21230,29250,-8020
2023,"NSW","NZ_Citizen","NZ_Citizen",9780,3690,6090
2014,"VIC","AUS_Citizen","AUS_Citizen",18060,24110,-6050
2014,"VIC","NZ_Citizen","NZ_Citizen",8340,5050,3290
2015,"VIC","AUS_Citizen","AUS_Citizen",18990,23440,-4450
2015,"VIC","NZ_Citizen","NZ_Citizen",9360,5110,4250
2016,"VIC","AUS_Citizen","AUS_Citizen",20110,22190,-2080
2016,"VIC","NZ_Citizen","NZ_Citizen",9010,5120,3890
2017,"VIC","AUS_Citizen","AUS_Citizen",19990,21810,-1820
2017,"VIC","NZ_Citizen","NZ_Citizen",8710,4810,3900
2018,"VIC","AUS_Citizen","AUS_Citizen",19840,21470,-1630
2018,"VIC","NZ_Citizen","NZ_Citizen",8780,4930,3850
2019,"VIC","AUS_Citizen","AUS_Citizen",23150,15950,7200
2019,"VIC","NZ_Citizen","NZ_Citizen",6270,4900,1370
2020,"VIC","AUS_Citizen","AUS_Citizen",10360,12320,-1960
2020,"VIC","NZ_Citizen","NZ_Citizen",3310,5380,-2070
2021,"VIC","AUS_Citizen","AUS_Citizen",16170,20600,-4430
2021,"VIC","NZ_Citizen","NZ_Citizen",7050,3650,3400
2022,"VIC","AUS_Citizen","AUS_Citizen",15300,21690,-6390
2022,"VIC","NZ_Citizen","NZ_Citizen",12990,3720,9270
2023,"VIC","AUS_Citizen","AUS_Citizen",15450,22040,-6590
2023,"VIC","NZ_Citizen","NZ_Citizen",14200,3140,11060
2014,"QLD","AUS_Citizen","AUS_Citizen",13570,18760,-5190
2014,"QLD","NZ_Citizen","NZ_Citizen",9960,9600,360
2015,"QLD","AUS_Citizen","AUS_Citizen",14900,18730,-3830
2015,"QLD","NZ_Citizen","NZ_Citizen",10340,9520,820
2016,"QLD","AUS_Citizen","AUS_Citizen",15300,17510,-2210
2016,"QLD","NZ_Citizen","NZ_Citizen",10120,8390,1730
2017,"QLD","AUS_Citizen","AUS_Citizen",14900,16640,-1740
2017,"QLD","NZ_Citizen","NZ_Citizen",10040,7760,2280
2018,"QLD","AUS_Citizen","AUS_Citizen",15530,16620,-1090
2018,"QLD","NZ_Citizen","NZ_Citizen",10210,7660,2550
2019,"QLD","AUS_Citizen","AUS_Citizen",19250,11210,8040
2019,"QLD","NZ_Citizen","NZ_Citizen",7400,7140,260
2020,"QLD","AUS_Citizen","AUS_Citizen",9470,7210,2260
2020,"QLD","NZ_Citizen","NZ_Citizen",4140,5990,-1850
2021,"QLD","AUS_Citizen","AUS_Citizen",10800,12290,-1490
2021,"QLD","NZ_Citizen","NZ_Citizen",7770,4340,3430
2022,"QLD","AUS_Citizen","AUS_Citizen",11370,16690,-5320
2022,"QLD","NZ_Citizen","NZ_Citizen",13340,5370,7970
2023,"QLD","AUS_Citizen","AUS_Citizen",11520,15810,-4290
2023,"QLD","NZ_Citizen","NZ_Citizen",17660,4780,12880
2014,"SA","AUS_Citizen","AUS_Citizen",3270,4450,-1180
2014,"SA","NZ_Citizen","NZ_Citizen",520,490,30
2015,"SA","AUS_Citizen","AUS_Citizen",3370,4360,-990
2015,"SA","NZ_Citizen","NZ_Citizen",540,500,40
2016,"SA","AUS_Citizen","AUS_Citizen",3610,4160,-550
2016,"SA","NZ_Citizen","NZ_Citizen",540,460,80
2017,"SA","AUS_Citizen","AUS_Citizen",3620,4030,-410
2017,"SA","NZ_Citizen","NZ_Citizen",550,360,190
2018,"SA","AUS_Citizen","AUS_Citizen",3760,3780,-20
2018,"SA","NZ_Citizen","NZ_Citizen",550,420,130
2019,"SA","AUS_Citizen","AUS_Citizen",4690,2640,2050
2019,"SA","NZ_Citizen","NZ_Citizen",410,380,30
2020,"SA","AUS_Citizen","AUS_Citizen",2420,1750,670
2020,"SA","NZ_Citizen","NZ_Citizen",270,300,-30
2021,"SA","AUS_Citizen","AUS_Citizen",2640,3020,-380
2021,"SA","NZ_Citizen","NZ_Citizen",430,270,160
2022,"SA","AUS_Citizen","AUS_Citizen",2470,4050,-1580
2022,"SA","NZ_Citizen","NZ_Citizen",800,300,500
2023,"SA","AUS_Citizen","AUS_Citizen",2480,3870,-1390
2023,"SA","NZ_Citizen","NZ_Citizen",1000,270,730
2014,"WA","AUS_Citizen","AUS_Citizen",5420,11330,-5910
2014,"WA","NZ_Citizen","NZ_Citizen",4330,7410,-3080
2015,"WA","AUS_Citizen","AUS_Citizen",5800,11930,-6130
2015,"WA","NZ_Citizen","NZ_Citizen",3390,8120,-4730
2016,"WA","AUS_Citizen","AUS_Citizen",5200,11730,-6530
2016,"WA","NZ_Citizen","NZ_Citizen",2920,8770,-5850
2017,"WA","AUS_Citizen","AUS_Citizen",3830,10280,-6450
2017,"WA","NZ_Citizen","NZ_Citizen",2990,8340,-5350
2018,"WA","AUS_Citizen","AUS_Citizen",3380,9320,-5940
2018,"WA","NZ_Citizen","NZ_Citizen",3230,8740,-5510
2019,"WA","AUS_Citizen","AUS_Citizen",2810,6350,-3540
2019,"WA","NZ_Citizen","NZ_Citizen",2530,10860,-8330
2020,"WA","AUS_Citizen","AUS_Citizen",2330,4410,-2080
2020,"WA","NZ_Citizen","NZ_Citizen",1420,5570,-4150
2021,"WA","AUS_Citizen","AUS_Citizen",1870,7930,-6060
2021,"WA","NZ_Citizen","NZ_Citizen",3050,6120,-3070
2022,"WA","AUS_Citizen","AUS_Citizen",2020,9610,-7590
2022,"WA","NZ_Citizen","NZ_Citizen",6390,6840,-450
2023,"WA","AUS_Citizen","AUS_Citizen",1950,8980,-7030
2023,"WA","NZ_Citizen","NZ_Citizen",7370,6400,970
2014,"TAS","AUS_Citizen","AUS_Citizen",850,1080,-230
2014,"TAS","NZ_Citizen","NZ_Citizen",170,180,-10
2015,"TAS","AUS_Citizen","AUS_Citizen",810,920,-110
2015,"TAS","NZ_Citizen","NZ_Citizen",170,160,10
2016,"TAS","AUS_Citizen","AUS_Citizen",870,950,-80
2016,"TAS","NZ_Citizen","NZ_Citizen",170,140,30
2017,"TAS","AUS_Citizen","AUS_Citizen",880,900,-20
2017,"TAS","NZ_Citizen","NZ_Citizen",150,140,10
2018,"TAS","AUS_Citizen","AUS_Citizen",930,840,90
2018,"TAS","NZ_Citizen","NZ_Citizen",140,120,20
2019,"TAS","AUS_Citizen","AUS_Citizen",1210,500,710
2019,"TAS","NZ_Citizen","NZ_Citizen",140,110,30
2020,"TAS","AUS_Citizen","AUS_Citizen",480,410,70
2020,"TAS","NZ_Citizen","NZ_Citizen",70,90,-20
2021,"TAS","AUS_Citizen","AUS_Citizen",610,680,-70
2021,"TAS","NZ_Citizen","NZ_Citizen",140,100,40
2022,"TAS","AUS_Citizen","AUS_Citizen",650,920,-270
2022,"TAS","NZ_Citizen","NZ_Citizen",200,150,50
2023,"TAS","AUS_Citizen","AUS_Citizen",590,940,-350
2023,"TAS","NZ_Citizen","NZ_Citizen",290,90,200
2014,"NT","AUS_Citizen","AUS_Citizen",680,830,-150
2014,"NT","NZ_Citizen","NZ_Citizen",400,400,0
2015,"NT","AUS_Citizen","AUS_Citizen",700,920,-220
2015,"NT","NZ_Citizen","NZ_Citizen",370,410,-40
2016,"NT","AUS_Citizen","AUS_Citizen",660,880,-220
2016,"NT","NZ_Citizen","NZ_Citizen",500,450,50
2017,"NT","AUS_Citizen","AUS_Citizen",620,1000,-380
2017,"NT","NZ_Citizen","NZ_Citizen",320,330,-10
2018,"NT","AUS_Citizen","AUS_Citizen",600,970,-370
2018,"NT","NZ_Citizen","NZ_Citizen",270,270,0
2019,"NT","AUS_Citizen","AUS_Citizen",620,720,-100
2019,"NT","NZ_Citizen","NZ_Citizen",180,250,-70
2020,"NT","AUS_Citizen","AUS_Citizen",330,400,-70
2020,"NT","NZ_Citizen","NZ_Citizen",130,180,-50
2021,"NT","AUS_Citizen","AUS_Citizen",550,720,-170
2021,"NT","NZ_Citizen","NZ_Citizen",150,180,-30
2022,"NT","AUS_Citizen","AUS_Citizen",370,730,-360
2022,"NT","NZ_Citizen","NZ_Citizen",240,160,80
2023,"NT","AUS_Citizen","AUS_Citizen",380,730,-350
2023,"NT","NZ_Citizen","NZ_Citizen",400,110,290
2014,"ACT","AUS_Citizen","AUS_Citizen",2140,200,1940
2014,"ACT","NZ_Citizen","NZ_Citizen",290,200,90
2015,"ACT","AUS_Citizen","AUS_Citizen",2450,170,2280
2015,"ACT","NZ_Citizen","NZ_Citizen",300,170,130
2016,"ACT","AUS_Citizen","AUS_Citizen",2380,220,2160
2016,"ACT","NZ_Citizen","NZ_Citizen",340,220,120
2017,"ACT","AUS_Citizen","AUS_Citizen",2400,170,2230
2017,"ACT","NZ_Citizen","NZ_Citizen",320,170,150
2018,"ACT","AUS_Citizen","AUS_Citizen",2400,190,2210
2018,"ACT","NZ_Citizen","NZ_Citizen",230,190,40
2019,"ACT","AUS_Citizen","AUS_Citizen",2770,170,2600
2019,"ACT","NZ_Citizen","NZ_Citizen",180,170,10
2020,"ACT","AUS_Citizen","AUS_Citizen",1650,180,1470
2020,"ACT","NZ_Citizen","NZ_Citizen",150,180,-30
2021,"ACT","AUS_Citizen","AUS_Citizen",1810,150,1660
2021,"ACT","NZ_Citizen","NZ_Citizen",160,150,10
2022,"ACT","AUS_Citizen","AUS_Citizen",1700,120,1580
2022,"ACT","NZ_Citizen","NZ_Citizen",320,120,200
2023,"ACT","AUS_Citizen","AUS_Citizen",1970,90,1880
2023,"ACT","NZ_Citizen","NZ_Citizen",390,90,300
